tune_id,setting_id,name,type,meter,mode,abc,date,username,composer,has_chords,tunebooks
27,31098,Drowsy Maggie,reel,4/4,Edorian,"|:""Em"" E2 BE dEBE|E2 BE ""D"" AFDF|""Em"" E2 BE dEBE|1 ""G"" BABc ""D"" dAFD:|2 ""G"" BABc ""D"" dAFA||
|:""D""d2 fd ""A""c2 ec|""D"" de fg ""D""af ""Em""ge|""D"" d2 fd ""A""c2 ec|""G"" BA Bc ""D""dA FA|
""D""d2 fd ""A""c2 ec|""D"" de fg ""D""af ""Em""ge|""D"" af""Em""ge ""D""fd""Em""ec|""G"" BA Bc ""D""dA FD:|",2017-10-03 16:43:39,Chris Quarles,,True,7590
27,31476,Drowsy Maggie,reel,4/4,Edorian,"|:""Em""E2BE dEBE|E2BE ""D""AFDF|""Em""E2BE dEBE|BABc ""D""dAFD:|
""D""d2fd ""A""c2ec|""G""defg afge|""D""d2fd ""A""c2ec|""G""BABc dAFA|
""D""d2fd ""A""c2ec|""G""defg afge|afge fdec|BABc ""D""dAFD||",2017-12-11 10:41:57,Sergei Ejov,,True,7590
27,37487,Drowsy Maggie,reel,4/4,Edorian,"|:""Em""E2BE dEBE|E2BE ""D""AFDF|""Em""E2BE dEBE|BABc ""D""dAFD|
""Em""E2BE dEBE|E2BE ""D""AFDF|""Em""E2BE dEBE|BABc ""D""dAFD:|
|:""D""d2fd ""A""c2ec|""D""defg afge|""D""d2fd ""A""c2ec|""D""BABc dAFA|
""D""d2fd ""A""c2ec|""D""defg afge|""G""afge fdec|""A""BABc dAFD:|""Em""E8||",2020-03-20 21:21:24,Chris Fargen,,True,7590
27,12413,Drowsy Maggie,reel,4/4,Edorian,"""Em""E2BE E2BE|E2BE ""D""AFDF|""Em""E2BE B2Bc|dedB ""D""AFDF||
""Em""EEBE dEBE|EEBE ""D""AFDF|""Em""EEBE dEBE|dedB ""D""AFDF||
""Em""EEB,D EB""D""AF|""Em""GABe ""D""dBAF|""Em""EEB,D EB""D""AF|""Em""GAGF EDB,D||
EEB,D EB""D""AF|""Em""GABe ""D""dBAF|""Em""EEB,D EB""D""AF|""Em""GAGF EDB,G,||
""Am""A,2EA, A,2EA,|A,2EA, ""G""DB,G,B,|""Am""A,2EA, E2EF|GAGE ""G""DB,G,B,||
""Am""A,A,EA, GA,EA,|A,A,EA, ""G""DB,G,B,|""Am""A,A,EA, GA,EA,|DEDB, ""G""DB,G,B,||
""Am""A,A,=CE AGE=C|A,A,=CE AGE=C|A,A,=CE ABAE|=cd=cA ""Em""EDCB,||
""Am""A,A,=CE AGE=C|A,A,=CE AGE=C|A,A,=CE AB=cd|ed=ce ""Em""BAGF||",2006-04-26 06:29:45,bobgreen,,True,7590
27,53220,Drowsy Maggie,reel,4/4,Edorian,"|:E2BE dEBE|E2BE AFDF|E2BE dEBE|BABc dAFD:|
d2fd c2ec|defg afge|d2fd c2ec|BABc dAFA|
d2fd c2ec|defg afge|""D""aAgA ""D""fAeA|BABc dAFD|",2025-02-14 07:22:23,Em G,,True,7590
27,21232,Drowsy Maggie,reel,4/4,Edorian,"|:""Em""E2 GE BE GE|""Em"" E2 GB ""D""AD FD|""Em"" E2 GE BE GE|""G"" BA Bc ""D""dA FD|
""Em""E2 GE BE GE|""Em"" E2 GB ""D""AD FD|""Em"" E2 GE BE GE|""G"" BA Bc ""D""dA FA:|
|:""D""d2 fd ""A""c2 ec|""D"" de fg ""D""af ""Em""ge|""D"" d2 fd ""A""c2 ec|""G"" BA Bc ""D""dA FA|
""D""d2 fd ""A""c2 ec|""D"" de fg ""D""af ""Em""ge|""D"" af""Em""ge ""D""fd""Em""ec|""G"" BA Bc ""D""dA FD:|",2013-03-24 13:55:50,TomBom,,True,7590
27,49709,Drowsy Maggie,reel,4/4,Edorian,"|:""Em""E2BE dEBE|E2BE ""D""AFDF|""Em""E2BE dEBE|BABc ""D""dAFD:|
""D""d2fd ""A""c2ec|""D""defg afge|""D""d2fd ""A""c2ec|""G""BABc dAFA|
""D""d2fd ""A""c2ec|""D""defg afge|""G""afge fdec|""A""BABc dAFD||",2024-02-23 18:42:40,lusoceltibero,,True,7590
27,39098,Drowsy Maggie,reel,4/4,Edorian,"|:""Em""vE2BE dEBE|uE2BE ""D""(AFDF)|""Em""uE2BE dEBE|1 (BA)Bc ""D""(dA)FD:|2 (BA)Bc ""D""(dA)FA||
""D""d2(fd) ""A""c2(ec)|""G""(de)fg (af)ge|""D""d2(fd) ""A""c2(ec)|""G""(BA)Bc (dA)FA|
""D""d2(fd) ""A""c2(ec)|""G""(de)fg af/g/|(3(agf) (3(gfe) (fd)ec|(BA)Bc ""D""(dA)FA||
""Bm""(3(dcB) fB (3(dcB) fB|""A""(3(cBA) eA fAeA|""Bm""(3(dcB) fB (3(dcB) fB|""Bm"" (fe)fg ""A"" (ae)cA|
""Bm""(3(dcB) fB (3(dcB) fB|""A""(3(cBA) eA fAeA|""Em""d2 (fd) c2 (ec)|""Em""(BA)Bc ""D""(dA)FD||",2020-09-25 18:20:47,Michael Machado,,True,7590
27,47097,Drowsy Maggie,reel,4/4,Edorian,"|""Em""E2BE dEBE|E2BE ""D""AFDF|""Em""E2BE dEBE|BABc ""D""dAFD|
""Em""E2BE dEBE|E2BE ""D""AFDF|""Em""E2BE dEBE|BABc ""D""dAFD|
""D""d2fd ""A""c2ec|""D""defg afge|""D""d2fd ""A""c2ec|""G""BABc ""A""dAFA|
""D""d2fd ""A""c2ec|""D""defg afge|""D""afge ""A"" fdec|""G"" BABc ""D"" dAFD|""Em""E8||",2023-05-11 01:32:23,Aaron Bergen,,True,7590
27,46363,Drowsy Maggie,reel,4/4,Edorian,"|:""Em""E2 (BE) dEBE|E2 (BE) ""D""AFDF|""Em""E2 (BE) dEBE|1 ""G""B(ABc) ""D""d(BAF):|2 ""G""B(ABc) ""D""d(AFA):|
""D""d2(fd) ""A""c2(ec)|""D""def(g af)ge|""D""d2(fd)""A""c2(ec)|""G""B(ABc) ""D""d(AFA)|
""D""d2(fd) ""A""c2(ec)|""D""def(g af)""Em""ge|""D""a(AgA) ""D""f(AeA)|""G""B(ABc) ""D""d(AFD)||",2023-03-06 11:16:01,Katherine Duff,,True,7590
55,55408,"Kesh, The",jig,6/8,Gmajor,"|:""G""G3 GAB|""D""A3 ABd|""C""edd gdd|""D""edB dBA|
""G""G3 GAB|""D""A3 ABd|""C""edd gdd|""D""BAF ""G""G3:|
|:""Em""B2B dBd|""Em""ege dBA|""G""B2B dBG|""G""A2 A AGA|
""C""B2B dBd|""C""ege dBd|""D""gfg aga|""D""bgf ""G""g3:|",2025-09-28 12:32:47,lusoceltibero,,True,7297
55,42720,"Kesh, The",jig,6/8,Gmajor,"|:""G""G G/G/G GAB|""D""A A/A/A ABd|""G""E D/D/D ""C"" GDD|""G"" edB ""D""dBA|
""G""G G/G/G GAB|""D""A A/A/A ABd|""G""E D/D/D ""C"" GDB||""D""AGF""G"" G2 A:|
|:""G""B A/B/B dBd|""C""EGE ""G""dBA|""G""B A/B/B dBG|""D""A B/A/A A2 A|
""G""B A/B/B dBd|""C""EGE ""G""dBA|""G"" G G/F/G ""D""AGA|""G""BGF G3:|",2022-01-05 21:34:06,WeavingMountains,,True,7297
55,34987,"Kesh, The",jig,6/8,Gmajor,"D|:""G"" G3 GAB|""D"" A2A ABd|""C"" edd ""G"" gdd|""C"" edB ""D"" dBA|
""G"" G3 GAB|""D"" A2A ABd|""C"" edd ""G"" gdB|1 ""D"" AGF ""G"" G2D:|2 ""D"" AGF ""G"" G2A||
|:""G"" B3 dBd|""C"" ege ""G"" dBA|""G"" B2B dBG|""D"" A2A AGA|
""G"" B2B dBd|""C"" ege ""G"" dBd|""C"" gfg ""D"" aga|1 ""G"" bgf g2A:|2 ""G"" bgf g2D||",2019-06-04 15:21:39,Artem Baguinski,,True,7297
55,24970,"Kesh, The",jig,6/8,Gmajor,"|:""G""G G/G/G GAB|""D""A A/A/A ABd|""G""e d/d/d gdd|edB ""D""dBA|
""G""G G/G/G GAB|""D""A A/A/A ABd|""G""e d/d/d gdB||""D""AGF""G"" G2 A:|
|:""G""B A/B/B dBd|""C""ege ""G""dBA|""G""B A/B/B dBG|""D""A B/A/A A2 A|
""G""B A/B/B dBd|""C""ege ""G""dBA|g g/f/g ""D""aga|""G""bgf g3:|",2014-10-14 18:13:03,BillScates,,True,7297
55,31538,"Kesh, The",jig,6/8,Gmajor,"|:""G""G3 GAB|""D""A3 ABd|""C""edd gdd|edB ""D""dBA|
""G""GAG GAB|""D""ABA ABd|""C""edd gdd|""D""BAF ""G""G3:|
|:""G""B2B dBd|""C""ege dBA|""G""B2B dBG|""D""A2 A AGA|
""G""B2B dBd|""C""ege dBd|""Am""gfg aga|""D""bgf ""G""g3:|",2017-12-21 12:20:23,Sergei Ejov,,True,7297
55,48734,"Kesh, The",jig,6/8,Gmajor,"|:D|""G"" GAG GAB|""D"" ABA ABd|""G"" edd ""C"" gdd|""G"" edB ""D"" dBA|
""G"" GAG GAB|""D"" ABA ABd|""G"" edd ""C"" gdB|""D"" AGF ""G"" G2:|
|:A|""G"" BAB dBd|""C"" ege dBA|""G"" BAB dBG|""D"" ABA AGA|
""G"" BAB dBd|""C"" ege ""G"" dBd|""G"" gfg ""C"" aga|""D"" bgf ""G"" g2:|",2023-11-22 18:38:28,Fernando Durbán Galnares,,True,7297
55,47264,"Kesh, The",jig,6/8,Gmajor,"|:""G""G3 GAB|""D""A3 ABd|""C""edd gdd|edB ""D""dBA|
""G""G3 GAB|""D""A3 ABd|""C""edd gdd|""D""BAF ""G""G3:|
|:""G""B2B dBd|""C""ege dBA|""G""B2B dBG|""D""A2 A AGA|
""G""B2B dBd|""C""ege dBd|""Am""gfg aga|""D""bgf ""G""g3:|",2023-05-26 19:40:49,Aaron Bergen,,True,7297
55,46161,"Kesh, The",jig,6/8,Dmajor,"|:""D""D3/D/D DEF|""A""E2D2 FA|""G""BAA ""D""dAA|""G""BAF ""A""AFE|
""D""D3/D/D DEF|""A""E2D2 FA|""G""BAA ""D""dAF|1 ""A""EDC DFE:|2 ""A""EDC D2E||
|:""Bm""F3/F/F AFA|""G""BdB AFE|""D""F3/F/F AFD|""A""EFE EFG|
""Bm""F3/F/F AFA|""G""BdB ABc|""D""dcd ""A""ede|""D""fdc d3:|",2023-02-12 19:39:37,b,,True,7297
55,22733,"Kesh, The",jig,6/8,Dmajor,"A,|:""D"" D3 DEF|""A"" E3 EFA|""D"" BAA ""G"" dAA|""D"" BAF ""A"" AFE|
""D"" D3 DEF|""A"" E3 EFA|""D"" BAA ""G"" dAF|""A"" EDC ""D"" D3:|
|:""D"" {E}F3 AFA|""G"" BdB BAF|""D"" {E}F3 AFD|""A"" EFE EDE|
""D"" {E}F3 AFA|""G"" BdB ""D"" B2B|""D"" dcd ""G"" ede|""A"" fdc ""D"" d3:|",2013-11-13 00:28:55,Tim Gillespie,,True,7297
55,40099,"Kesh, The",jig,6/8,Gmajor,"|:""G""GA""g""G GA""g""B|""D""AB""d""A AB""d""d|""G""ed""g""d gd""g""d|""C""ed""c""B ""D""dB""d""A|
""G""GA""g""G GA""g""B|""D""AB""d""A AB""d""d|""G""ed""g""d gd""g""B|""D""AG""d""F ""G""G3:|
|:""G""BA""g""B dB""g""d|""C""eg""c""e ""D""dB""d""A|""G""BA""g""B dB""g""G|""D""AB""d""A AG""d""A|
""G""BA""g""B dB""g""d|""C""eg""c""e ""G""dB""g""d|""G""gf""g""g ""D""ag""d""a|""G""bg""g""g ""G""g3:|",2021-01-07 21:11:31,Michael Eskin,,True,7297
1,22061,Cooley's,reel,4/4,Edorian,"|:ED|""Em""EBBA B2 EB|""Em""B2 AB dBAG|""D""F/E/D AD BDAD|""D""F/E/D AD BAGF|
""Em""EBBA B2 EB|""Em"" B2 AB defg|""D"" afec dBAF|""D""DEFD ""Em""E3:|
|:gf|""Em""eBB2 eBgf|""Em""eBB2 gedB|""D""A/A/A FA DAFA|""D""A/A/A FA defg|
""Em""eBB2 eBgf|""Em""eBB2 defg|""D""afec dBAF|""D""DEFD ""Em""E2:|",2013-08-03 07:16:42,Tate,,True,6439
1,40038,Cooley's,reel,4/4,Edorian,"|:""E""EB""e""BA B2 ""e""EB|B2 ""e""AB dB""e""AG|""D""FD""d""AD BD""d""AD|FA""d""AA BA""B""GF|
""E""EB""e""BA B2 ""e""EB|B2 ""e""AB de""e""fg|""D""af""d""ge dB""d""AF|1 DE""B""FD ""E""(E2""e""E)D:|2 DE""B""FD ""E""E2 ""e""gf||
|:""E""eB ""e""B2 eB""e""gf|eB ""e""B2 ge""e""dB|""D""A2 ""d""FA DA""d""FA|A2 ""d""FA de""B""fg|
""E""eB ""e""B2 eB""e""gf|eB ""e""B2 de""e""fg|""D""af""d""ge dB""d""AF|1 DE""B""FD ""E""E2""e""gf:|2 DE""B""FD ""E""(E2""e""E)D||",2021-01-03 18:07:01,Michael Eskin,,True,6439
1,44243,Cooley's,reel,4/4,Edorian,"|:D2|""Em""EBBA B2 EB|B2 AB dBAG|""D""FDA2 B2A2|D2A2 BAGF|
""Em""EBBA B2EB|B2 AB defg|""D""afec dBAF|DEFD ""Em""E2:|
|:gf|""Em""e2 B2 efge|e2 B2 dedB|""D/H""A2 FA2 AFA|A2 FA defg|
""C""e2 B2 eBgB|""Am""e2 B2 defg|""D/H""afec dBAF|DEFD ""Em""E2:|",2022-06-29 20:38:40,Blunty026,,True,6439
1,49708,Cooley's,reel,4/4,Edorian,"|:ED|""Em""EBBA B2 EB|""Em""B2 AB dBAG|""D""F/E/D AD BDAD|""D""F/E/D AD BAGF|
""C""EBBA B2 EB|""C"" B2 AB defg|""C"" afec dBAF|""C""DEFD E2 ""D"":|
|:gf|""C""eB B/B/B eBgB|""C""eB B/B/B gedB|""D""A2 FA DAFA|""D""A2 FA defg|
""Em""eB B/B/B eBgf|""Em""eB B/B/B defg|""D""afec dBAF|""D""DEFD E2:|",2024-02-23 18:32:12,lusoceltibero,,True,6439
1,20796,Cooley's,reel,4/4,Edorian,"D|:EBBA ""slide""B3 B|B2 AB dBAD|(3FED AD BDAD|(3FED A=c BAFD|
EBBA ""slide"" B3 B|B2 AB defg|afec dBAF|1 EGFD E3 D:|2 EGFD E3 d||
|:eB (3BBB efgf|eB (3BBB fedB|(3ABA FB (3ABA FB|ADFA Bcdf|
eB (3BBB efgf|eB (3BBB fedB|(3ABA FB dfec|dBAF EFGB:|
|:eB (3BBB eBfB|eB (3BBB fedc|BE (3EEE BEdE|BE (3BBB BAFB|
eB (3BBB eBfB|eB (3BBB fecA|d3 e fdec|dBAF EFGB:|",2013-02-01 03:04:27,Edgar Bolton,,True,6439
1,51222,Cooley's,reel,4/4,Edorian,"|:D2|""Em""EBBA B2 EB|B2 AB dBAG|""D""FDAD BDAD|FDAD dAFD|
""Em""EBBA B2 EB|B2 AB defg|""D""afec dBAF|DEFD ""Em""E2:|
|:gf|""Em""eB B2 efge|eB B2 gedB|""D""A2 FA DAFA|A2 FA defg|
""Em""eB B2 eBgB|""Em""eB B2 defg|""D""afec dBAF|DEFD ""Em""E2:|",2024-08-03 06:06:37,Helen Snibson,,True,6439
1,55324,Cooley's,reel,4/4,Edorian,"ED|:""Em""EBBA B2 EB|""Em""B2 AB dBAG|""D""F/E/D AD BDAD|""D""F/E/D AD BAGF|
""Em""EBBA B2 EB|""Em"" B2 AB defg|""D"" afec dBAF|1 ""D""DEFD ""Em""E3 ED:|2 ""D""DEFD ""Em""E3 gf||
|: ""Em""eBB2 eBgf|""Em""eBB2 gedB|""D""A/A/A FA DAFA|""D""A/A/A FA defg|
""Em""eBB2 eBgf|""Em""eBB2 defg|""D""afec dBAF|1 ""D""DEFD ""Em""E2 gf:|2 ""D""DEFD ""Em""E4 ||",2025-09-22 11:52:38,Steve Ewing,,True,6439
1,31475,Cooley's,reel,4/4,Edorian,"|:D2|""Em""EBBA B2 EB|B2 AB dBAG|""D""FDAD BDAD|FDAD dAFD|
""Em""EBBA B2 EB|B2 AB defg|""D""afec dBAF|DEFD ""Em""E2:|
|:gf|""Em""eB B2 efge|eB B2 gedB|""D/H""A2 FA DAFA|A2 FA defg|
""C""eB B2 eBgB|""Am""eB B2 defg|""D/H""afec dBAF|DEFD ""Em""E2:|",2017-12-11 10:35:07,Sergei Ejov,,True,6439
71,52556,Morrison's,jig,6/8,Edorian,"|:""Em""E3 B3|EBE ""D""AFD|""Em""EDE B2c|""G""dcB ""D""AFD|
""Em""E3 B3|EBE ""D""AFD|""G""G3 FGA|""D""BAG FED:|
""Em""Bee fee|aee ""D""fed|""Em""Bee fee|""D""fag fed|
""Em""Bee fee|aee ""D""fef|""G""gfe d2A|""Bm""BAG ""D"" FED|
""Em""Bee fee|aee ""D""fed|""Em""Bee fee|""D""faf def|
""G""g2g gfe|""D""def ""G""g2d|""Em""edc ""D""d2A|""Bm"" BAG ""D"" FED||",2024-12-02 03:37:59,Nadeau,,True,5766
71,49359,Morrison's,jig,6/8,Edorian,"""Em""EE/E/E BEB|EBE ""D""{A}FED|""Em ""EE/E/E {A}Bzc|""D""dcB ""D""{c}AFD|
""Em""E{F}E/{G}E/{A}E B{c}B{A}B|EBE FEF|""G""G>{A} G{F}G FGA|""D""dAG FED|
""Em""EE/E/E {A}B2{A}B|EBE ""D""{A}FED|""Em ""E2E/E/ {A}Bzc|""D""dcB ""D""{c}AFD|
""Em""E{F}E/{G}E/{A}E BEB|EBE FEF|""G""G>{A} G{F} G FGA|""D""dAG FED||
""Em""Be/e/e fe/e/e|ae/e/e f{gf}ed|""Em""Be/e/e fe/e/e|""D""a2{ba}g f{gf}ed|
""Em""Be/e/e fe/e/e|ae/e/e f{gf}ef|""G""{ga}gf{g}e ""D""d2A|""G"" {c}BAG ""D""FED|
""Em""{A}B2e f>ee|a>ee fe/e/e|Be/e/e fe/e/e|""D""{fg}a2f def|
""G""g>{a}g{f}g ""G""{a}gfe|""D""def ""G""g2d|""A""e{fe}dc ""D""d2A|""G""{c}BAG ""D""{A}FED||",2024-01-18 17:19:34,Will Evans,,True,5766
71,27472,Morrison's,jig,6/8,Edorian,"|:""Em""E2 EB2 B|E2 E ""D""AFD|""Em""E2 EB2 B|dBA ""D""FED|
""Em""E2 EB2 B|E2 E ""D""AFD|""Em""G2 GF2 A|""D""dAG FED:|
""Em""B2 ef2 e|a2 e fed|B2 ef2 f|""G""fag ""D""fed|
""Em""B2 ef2 e|a2 e fed|""G""gfe ""D""d2 A|""C""BAG ""D""FGA|
""Em""B2 ef2 e|a2 e fed|B2 ef2 f|""D""faf def|
""G""g2 gf2 e|""D""def ""G""g2 d|""Bm""edc d2 A|""C""BAG ""D""FED|",2015-10-30 16:38:31,BillScates,,True,5766
71,48134,Morrison's,jig,6/8,Edorian,"|:""Em""E2 E BEB|EBE ""D""AFD|""Em""EDE B3|""G""dcB ""D""AFD|
""Em""E3 B3|EBE ""D""AFD|""G""G3 FGA|""D""BAG FED:|
""Em""Bee fee|aee ""D""fed|""Em""Bee fee|""D""fag fed|
""Em""Bee fee|aee ""D""fef|""G""gfe d2A|""D""BAG FED|
""Em""Bee fee|aee ""D""fed|""Em""Bee fee|""D""faf def|
""G""g2g gfe|""D""def ""G""g2d|""D""edc d2A|BAG FED|",2023-09-08 12:32:58,jdogbishop96,,True,5766
71,46675,Morrison's,jig,6/8,Edorian,"|:""Em""E3 B3|EBE AFD|EDE B3|""G""dcB AFD|
""Em""E3 B3|EBE AFD|""G""G3 FGA|""A""dAG ""G""FED:|
""Bm""Bee fee|aee fee|Bee fee|""A""a2g fed|
""Bm""Bee fee|aee fee|""A""gfe d2A|""G""BAG FGA|
""Bm""Bee fee|aee fee|Bee fee|""A""faf def|
""G""g3 gfe|def g2d|""A""edc d2A|""G""BAG FED|",2023-04-06 00:29:07,Aaron Bergen,,True,5766
71,33047,Morrison's,jig,6/8,Edorian,"|:""Em""~E3 ~B3|EBE ""D""AFD|""Em""~E3 ~B3|""G""d2B ""D""AFD|
""Em""~E3 ~B3|EBE ""D""AFD|""C""~G3 FGA|""D""dAG FED:|
|:""Em""Bee fee|aee fed|Bee fee|""D""fag fed|
[1 ""Em""Bee fee|aee fed|""C""gfe d2A|""D""BAG FED:|2 
""C""g2g gfe|""G""def g2d|""D""edc d2A|""C""BAG ""D""FED||",2018-09-08 09:16:22,Edgar Bolton,,True,5766
71,31493,Morrison's,jig,6/8,Edorian,"|:""Em""E3 B3|EBE ""D""AFD|""Em""EDE B3|""G""dcB ""D""AFD|
""Em""E3 B3|EBE ""D""AFD|""C""G3 FGA|""D""dAG FED:|
""Em""Bee fee|aee fee|Bee fee|""D""a2g fed|
""Em""Bee fee|aee fee|""C""gfe d2A|""D""BAG FGA|
""Em""Bee fee|aee fee|Bee fee|""D""faf def|
""C""g3 gfe|""G""def g2d|""D""edc d2A|""C""BAG ""D""FED||",2017-12-12 09:17:29,Sergei Ejov,,True,5766
71,54884,Morrison's,jig,6/8,Edorian,"|:""Em""EGB BGE|EBE ""D""AFD|""Em""EDE B2c|""G""dcB ""D""AFD|
""Em""EGB BGE|EBE ""D""AFD|""G""GBD FGA|""D""BAG FED:|
""Em""Bee fee|aee ""D""fed|""Em""Bee fee|""D""fag fed|
""Em""Bee fee|aee ""D""fef|""G""gfe d2A|""Bm""BAG ""D"" FED|
""Em""Bee fee|aee ""D""fed|""Em""Bee fee|""D""faf def|
""G""g2g gfe|""D""def ""G""g2d|""Em""edc ""D""d2A|""Bm"" BAG ""D"" FED||",2025-08-18 18:13:16,Donald B,,True,5766
182,46370,"Silver Spear, The",reel,4/4,Dmajor,"AG|:""D""FA ~A2 BAFA|dfed ""G""BcdA|""D""FA ~A2 BAFA|dfed ~""G""B3 A|
""D""FA ~A2 BAFA|dfed ""G""Bdef|""Em""~g3 e ""D""~f3 e|1 ""G"" dfed ~B2 A2:|2 dfed Bcde||
|:""D""f2 af bfaf|""G""gfed Bcde|""D""f2 af bfaf|""G""gfed ~B2 A2|
""D""f2 af bfaf|""G""gfed Bdef|""Em""~g3 e ""D""~f3 e|1 ""G""dfed ~B2 A2:|2 ""G""dfed ~B2||",2023-03-06 22:01:12,Katherine Duff,,True,4745
182,45826,"Silver Spear, The",reel,4/4,Dmajor,"|:""D""FA ~A2 BAFA|""G""dfed ""A""BcdA|""D""FA ~A2 BAFA|""G""dfed ""A""~B2 A2|
""D""FA ~A2 BAFA|""G""dfed Bdef|""G""~g3 e ~f3 e|""A""dfed ~B2 A2:|
|:""D""fa ~a2 bfaf|""G""gfed ""A""Bcde|""D""fa ~a2 bfaf|""G""gfed ""A""~B2 A2|
""D""fa ~a2 bfaf|""G""gfed Bdef|""G""~g3 e ~f3 e|1 ""A""dfed ~B2 A2:|2 ""A""dfed ~B2 AG||",2023-01-08 18:50:12,lusoceltibero,,True,4745
182,40105,"Silver Spear, The",reel,4/4,Dmajor,"|:""D""FA""d""AA BA""d""FA|""G""df""g""ed ""A""Bc""a""dA|""D""FA""d""AA BA""d""FA|""G""df""g""ed ""A""B2""a""AG|
""D""FA""d""AA BA""d""FA|df""d""ed Bd""d""ef|""G""(g2""g""g) e ""D""(f2""d""f) e|1 ""G""df""g""ed ""A""B2""a""AG:|2 ""G""df""g""ed ""A""B2""a""A2||
|:""D""ff""d""af bf""d""af|""G""gf""g""ed ""A""Bc""a""de|""D""ff""d""af bf""d""af|""G""gf""g""ed ""A""B2""a""A2|
""D""ff""d""af bf""d""af|""G""gf""g""ed Bd""g""ef|""G""(g2""g""g) e ""D""(f2""d""f) e|1 ""G""df""g""ed ""A""B2""a""A2:|2 ""G""df""g""ed ""A""B2""a""AG||",2021-01-08 17:42:02,Michael Eskin,,True,4745
182,31499,"Silver Spear, The",reel,4/4,Dmajor,"|:""D""FA ~A2 BAFA|dfed BddA|FA ~A2 BAFA|dfed ~B2 A2|
FA ~A2 BAFA|dfed Bdef|~g3 e ~f3 e|dfed ~B2 A2:|
|:fa ~a2 bfaf|gfed Bdde|fa ~a2 bfaf|gfed ~B2 A2|
fa ~a2 bfaf|gfed Bdef|~g3 e ~f3 e|1 dfed ~B2 A2:|2 dfed ~B2 AG||",2017-12-12 12:19:57,Sergei Ejov,,True,4745
182,45738,"Silver Spear, The",reel,4/4,Dmajor,"|:""D""FA ~A2 BAFA|""G""dfed ""A""BcdA|""D""FA ~A2 BAFA|""G""dfed ""A""~B2 A2|
""D""FA ~A2 BAFA|""G""dfed ""A""Bdef|""G""~g3 e ""D""~f3 e|""G""dfed ""A""~B2 A2:|
|:""D""fa ~a2 bfaf|""G""gfed ""A""Bcde|""D""fa ~a2 bfaf|""G""gfed ""A""~B2 A2|
""D""fa ~a2 bfaf|""G""gfed ""A""Bdef|""G""~g3 e ""D""~f3 e|1 ""G""dfed ""A""~B2 A2:|2 ""G""dfed ""D""~B2 AG||",2022-12-28 09:58:26,JohnMcTilly,,True,4745
182,44165,"Silver Spear, The",reel,4/4,Dmajor,"|:""D""FA ~A2 BAFA|""G""dfed BddA|""D""FA ~A2 BAFA|""G""dfed ""A""~B2 A2|
""D""FA ~A2 BAFA|dfed Bdef|""G""~g3 e ""D""~f3 e|""G""dfed ""A""~B2 A2:|
|:""D""fa ~a2 bfaf|""G""gfed ""A""Bdde|""D""fa ~a2 bfaf|""G""gfed ""A""~B2 A2|
""D""fa ~a2 bfaf|""G""gfed Bdef|""G""~g3 e ""D""~f3 e|1 ""G""dfed ""A""~B2 A2:|2 ""G""dfed ""D""~B2 AG||",2022-06-24 00:28:53,Suco De Uva,,True,4745
182,20993,"Silver Spear, The",reel,4/4,Dmajor,"|:""D""FA {BcB}A2 {A}BAFA|{A}BAFA ecdA|FA {BcB}A2 {A}BAFA|""G""{c}dfed BcdA|
""D""FA {BcB}A2 {A}BAFA|{A}BAFA d2 ef|""G""{f}g2 fe f2 fe|dfed {A}B2 A[Gd]:|
|:""D""fa (3agf afff|""G""{f}gefd edcd|""D""fa (3agf a2 fa|""G""gfed (3BdB AG|
""D""fa a{bagf}g a2 fa|""G""gfed Bdef|{f}g2 fe f2 fe|dfed {A}B2 A[Gd]:|",2013-02-19 20:46:23,jdogbishop96,,True,4745
182,50254,"Silver Spear, The",reel,4/4,Dmajor,"|:""D""FA A2 BAFA|""G""dfed ""A""BcdA|""D""FA A2 BAFA|""G""dfed ""A""B2 A2|
""D""FA A2 BAFA|""G""dfed ""A""Bdef|""G""g3 e ""D""f3 e|""G""dfed ""A""B2 A2:|
|:""D""fa a2 bfaf|""G""gfed ""A""Bcde|""D""fa a2 bfaf|""G""gfed ""A""B2 A2|
""D""fa a2 bfaf|""G""gfed ""A""Bdef|""G""g3 e ""D""f3 e|1 ""G""dfed ""A""B2 A2:|2 ""G""dfed ""D""B2 AG||",2024-04-22 03:47:27,JACKB,,True,4745
9,49455,Banish Misfortune,jig,6/8,Dmixolydian,"|:e|""D""fed ^cAG|A2d cAG|""Am""F2D DED|""C""F3GFG|
""D""A3cAG|AGA cde|""G""fed ""Em""^cAG|""A""Add ""D""d2:|
|:e|""D""f2d d^cd|f2g agf|""C""e2c cAc|e2f gfe|
""D""f2g agf|""C""e2f gfe|""D""fed ""G"" cAG|""A""Add ""D""d2:|
|:e|""D""f2g ""C"" e2f|""D""d2e ""Am""c2d|""Am"" ABA ""C"" GAG|""D""F3 AFD|
""C""c3cAG|""C""AGA ""Am""cde|""G""fed ^cAG|""A""Add ""D""d2:|",2024-01-29 02:43:22,Helen Snibson,,True,4525
9,48826,Banish Misfortune,jig,6/8,Dmixolydian,"|:""G""fed cAG|A2d cAG|""D""F2D DED|FEF GFG|
""G""AGA cAG|AGA cde|fed cAG|""D""Ad^c d3:|
|:""D""f2d d^cd|f2g agf|""G""e2c cBc|e2f gfe|
""A""f2g agf|""G""e2f gfe|fed cAG|""D""Ad^c d3:|
|:""D""f2g e2f|""G""d2e c2d|""A""ABA GAG|""D""F2F GED|
""G""c3 cAG|AGA cde|fed cAG|""D""Ad^c d3:|",2023-11-28 11:05:18,Aaron Bergen,,True,4525
9,48368,Banish Misfortune,jig,6/8,Dmixolydian,"|:""D""fed ""C""cAG|""D""AGd ""C""cAG|""D""~F3 DED|~F3 ""C""GFG|
""D""~A3 ""C""cAG|""D""AGA ""C""cde|""D""fed ""C""cAG|""D""Ad^c d2e:|
|:""D""f2d d^cd|f2a agf|""C""e2c cBc|ece gfe|
""D""f2g agf|""C""e2f gfe|""D""fed ""C""cAG|""D""Ad^c d2e:|
|:""D""f2g ""C""e2f|""D""ded ""C""cdc|""D""~A3 ""C""GAG|""D""~F3 ded|
""C""c3 cAG|AGA cde|""D""fed ""C""cAG|""D""Ad^c d2e:|",2023-10-06 03:06:40,Larry Owens,,True,4525
9,28408,Banish Misfortune,jig,6/8,Dmixolydian,"|de|:""D""fed ""C""cAG|""D""Add ""C""cAG|""D""F2D DED|FEF ""C""GFG|
""D""AGA ""C""cAG|""D""AGA ""C""cde|""D""fed ""C""cAG|""D""Ad^c d2e:|
|:""D""f2d d^cd|f2g agf|""C""e2c cBc|e2f gfe|
""D""f2g agf|""C""e2f gfe|""D""fed ""C""cAG|""D""Ad^c d2e:|
|:""D""f2g ""C""e2f|""D""d2e ""C""c2d|""D""ABA ""C""GAG|""D""F2F GED|
""C""c3 cAG|AGA cde|""D""fed cAG|1 ""C""Ad^c ""D""d2e:|2 ""C""Ad^c ""D""d3||",2016-03-03 21:29:59,Bryce,,True,4525
64,54168,"Maid Behind The Bar, The",reel,4/4,Dmajor,"|:""D"" FAAB AFED|FAAB ABde|""Em"" fBBA Bcde|""A7"" f2gf edBA|
""D"" FAAB AFED|FAAB ABde|""Em"" fBBA BcdB|""A7"" AFEF ""D"" D4:|
|:""D"" faag fdde|fdad fd df|""Em"" efga beef|""A7"" gebe gfeg |
""Bm"" fgaf bfaf|""F#m"" defd e2 de|""G"" fBBA BcdB|""A7"" AFEF ""D"" D4:|",2025-05-27 21:46:52,jasonthe28,,True,4513
64,55578,"Maid Behind The Bar, The",reel,4/4,Dmajor,"|:""D"" FAAB AFED|FAAB ABde|""G"" fBBA Bcde|""A"" f2gf edBA|
""D"" FAAB AFED|FAAB ABde|""G"" fBBA BcdB|""A"" AFEF ""D"" D4:|
|:""D"" faag fdde|""D""fdad fd df|""G"" efga beef|""A"" gebe ge""F#""eg |
""Bm"" f2af bfaf|""Bm"" defd ""A""e2 de|""G"" fBBA BcdB|""A"" AFEF ""D"" D4:|",2025-10-21 13:04:50,lusoceltibero,,True,4513
64,21781,"Maid Behind The Bar, The",reel,4/4,Dmajor,"zE|:""D""FAAB AFED|""D""FAAB A2de|""Bm""fBBA Bcde|""Em""fdgf ""A""efdB|
""D""FAAB AFED|""D""FAAB A2de|""Bm""fBBA ""G""BcdB|1 ""A""AFEF ""D""D2zE:|2 ""A""AFEF ""D""D2de||
|:""D""faag fdde|""D""fdad fdd2|""Em""efga beef|""Em""gebe ""A""geeg|
""D""fgaf b2af|""D""defd ""A""e2de|""Bm""fBBA ""G""BcdB|1 ""A""AFEF ""D""D2de:|2 ""A""AFEF ""D""D4||",2013-06-24 01:40:43,Bryce,,True,4513
64,48835,"Maid Behind The Bar, The",reel,4/4,Dmajor,"""D""FAAB AFED|""D""FAAB A2de|""Bm""fBBA Bcde|""G""fBBA ""A""BcdA|
""D""FAAB AFED|""D""FAAF ABde|""Bm""fBBA BcdB|""A""AFEF ""D""D3E|
""D""FAAB AFED|""D""FAAB A2de|""Bm""fBB2 gBB2|""G""aBB2 ""A""gBBA|
""D""FAAB AFED|""D""FAAB ABde|""Bm""fBBA BcdB|""A""AFEF ""D""D4||
|:""D""faag fdde|""D""fdad fddf|""Em""efga beef|""G""gebe ""A""geeg|
""D""faaf bfaf|""D""defd e2de|""Bm""fBBA BcdB|1 ""A""AFEF ""D""D3e:|2 ""A""AFEF ""D""D3E||",2023-11-28 22:47:19,shanachie,,True,4513
64,47313,"Maid Behind The Bar, The",reel,4/4,Dmajor,"|:""D""FAAB AFED|FAAB A2de|""Bm""fBBA Bcde|""G""fBBA ""A""B2A2|
""D""FAAB AFED|FAAB A2de|""Bm""fBBA BcdB|""A""AFEF ""D""D4:|
|:""D""faab dde2|fdad f2 f2|""Em""gfga beef|""G""gebe ""A""g2e2|
""D""faaf bfaf|defd ef e2|""Bm""fBBA BcdB|""A""AFEF ""D""D4:|",2023-06-02 05:08:07,Aaron Bergen,,True,4513
108,46674,Out On The Ocean,jig,6/8,Gmajor,"|:GE|""D""D2B BAG|""G""BdB A2B|""D""GED G2A|""G""B2B AGE|
""D""D2B BAG|""G""BdB A2B|""D""GED G2A|""G""BGE G:|
Bd|""Bm""e2e edB|ege edB|""A""d2B def|gfe dBA|
""G""G2A B2d|ege d2B|""A""AGE G2A|""D""BGE G:|",2023-04-06 00:25:27,Aaron Bergen,,True,4439
108,45456,Out On The Ocean,jig,6/8,Gmajor,"|:""G""d2b bag|bd'b aba|""C""ged g2a|""D""bd'b age|
""G""d2b bag|bd'b aba|""C""ged g2a|1 ""D""agf ""G""gfe:|2 ""D""agf ""G""gbd'||
|:""Em""e'2e' e'd'b|e'g'e' e'd'b|""Bm7""d'e'd' d'e'f'|""C""g'f'e' d'ba|
""G""g2a b2d'|""C""e'g'e' d'ba|""G""ged g2a|1 ""D""agf ""G""gbd':|2 ""D""agf ""G""g3||",2022-11-27 16:15:43,Fernando Durbán Galnares,,True,4439
108,46052,Out On The Ocean,jig,6/8,Gmajor,"|:GE|""G""D2B BAG|BdB ""D7""A2B|""C""GED G2A|""Em""B2B ""D7""AGE|
""G""D2B BAG|BdB ""D7""A2B|""C""GED G2A|""Csus2/D""BGF G:|
Bd|""Em""e2e edB|ege edB|""Bm""d2B def|gfe dBA|
""G""G2A B2d|""C""ege dBA|""Em""GED G2A|""Csus2/D""BGF G:|",2023-02-01 15:44:57,b,,True,4439
108,20578,Out On The Ocean,jig,6/8,Gmajor,"|:GE|""G""D2B BAG|BdB A2B|""C""GED G2A|""D""B2B AGE|
""G""D2B BAG|BdB A2B|""C""GED G2A|""D""BGE ""G""G:|
|:Bd|""Em""e2e edB|ege edB|""Bm7""d2B def|""C""gfe dBA|
""G""G2A B2d|""C""ege dBA|""G""GED G2A|""D""BGE ""G""G:|",2012-12-11 10:47:31,Rick Dyer,,True,4439
108,55383,Out On The Ocean,jig,6/8,Gmajor,"|:GE | ""G""D2B BAG| BdB ""D""A2B| ""G""GED G2A| ""C""B2B ""D""AGE|
""G""D2B BAG| BdB ""D""A2B| ""G""GED G2A| ""D""BGE ""G""G :|
|:Bd | ""Em""e2e edB| ege edB| ""D""d2B def| gfe dBA| 
""G""G2A B2d| ""C""ege ""G""d2B| AGE G2A| ""D""BGE ""G""G :|",2025-09-26 11:50:43,Steve Ewing,,True,4439
108,55407,Out On The Ocean,jig,6/8,Gmajor,"|: ""G""D2B BAG| ""G""BdB A2B| ""G""GED G2A| ""G""B2B AGE|
""G""D2B BAG| ""G""BdB A2B| ""C""GED G2A| ""D""BGE G3 :|
|: ""Em""e2e edB| ""Em""ege edB| ""D""d2B def| ""D""gfe dBA|
""C""G2A B2d| ""C""ege d2B| ""D""AGE G2A| ""D""BGE G3 :|",2025-09-28 12:22:07,lusoceltibero,,True,4439
8,55315,"Banshee, The",reel,4/4,Gmajor,"|:""G""G2 GD EDED|GFGB d2 Bd|""C""eged BAGA|""D""BAGE E2 (3DEF|
""G""G2 GD EDED|GFGB d2 Bd|""C""eged BAGA|""D""BAGE E2 D2:|
|:""Em""eaag egge|""G""dBBA B2 Bd|""C""e2 eB gBfB|""D""eBBA B3 z|
""Em""eaag efge |""G""dBBA B2 Bd|""C""eged BAGA|""D""BAGE E2 D2:|",2025-09-22 01:50:04,Steve Ewing,James McMahon,True,4325
8,39346,"Banshee, The",reel,4/4,Gmajor,"""G""G2G1D EDEG|""Am""AGA1B ""D7""d2 Bd|""C""eged ""G""BAGA|""Am""BAGE ""D7""EDEF|
""G""G2G1D EDEG|""Am""AGA1B ""D7""d2 Bd|""C""eged ""G""BAGA|""Am""BAGE ""D7""EDD2||
""Am""eaag efge|""G""dBBA ""Bm""B2Bd|""Em""eBBB eBgB|eBBA B2Bd|
""Am""eaag efge|""G""dBBA ""Bm""B2Bd|""C""eged ""G""BAGA|""Am""BAGE ""D7""EDD2||",2020-10-23 08:25:13,Fernando Durbán Galnares,James McMahon,True,4325
8,49711,"Banshee, The",reel,4/4,Gmajor,"""G""G2G1D EDEG|""G""AGA1B d2 Bd|""C""eged BAGA|""D""BAGE EDEF|
""G""G2G1D EDEG|""G""AGA1B d2 Bd|""C""eged BAGA|""D""BAGE EDD2||
""Em""eaag efge|""G""dBBA B2Bd|""C""eBBB eBgB|""D""eBBA B2Bd|
""Em""eaag efge|""G""dBBA B2Bd|""C""eged BAGA|""D""BAGE EDD2|",2024-02-23 21:32:21,lusoceltibero,James McMahon,True,4325
116,39286,"Wind That Shakes The Barley, The",reel,4/4,Dmajor,"dB|:""D""~A3B AFED|""G""~B3A BcdB|""D""~A3B AFED|1 ""Em""gfed ""A7""BcdB:|2 ""Em""gfed ""A7""Bcde||
""D""~f3d ""Em""g2ge|""D""~f3d ""A7""Bcde|""D""~f3d ""Em""~g3e|""D""afed ""A7""Bcde|
""D""~f3d ""Em""g2ge|""D""~f3d ""A7""Bcde|""D""defg ""Bm""afbf|""Em""afed ""A7""Bcde||d8||",2020-10-16 10:20:50,Fernando Durbán Galnares,,True,3832
116,45357,"Wind That Shakes The Barley, The",reel,4/4,Dmajor,"|:""D""A2AB AFED|""G""B2BA BcdB|""D""A2AB AFED|1 ""G""gfed ""A""BcdB:|2 ""G""gfed ""A""Bcde||
|:""D""f2fd ""G""g2ge|""D""f2fd ""A""Bcde|""D""f2fd ""G""g2fg|1 ""A""afed Bcde:|2 ""A""afed BcdB||",2022-11-15 12:35:39,lusoceltibero,,True,3832
116,55577,"Wind That Shakes The Barley, The",reel,4/4,Dmajor,"|:""D""A2AB AFED|""G""B2BA BcdB|""D""A2AB AFED|1 ""G""gfed ""A""BcdB:|2 ""G""gfed ""A""Bcde||
|:""D""f2fd ""G""g2ge|""D""f2fd ""A""Bcde|""D""f2fd ""G""g2ge|1 ""A""afed Bcde:|2 ""A""afed BcdB||",2025-10-21 12:48:38,lusoceltibero,,True,3832
116,50374,"Wind That Shakes The Barley, The",reel,4/4,Dmajor,"""D""A2AB AFEF|""B""DBBA ""G""BcdB|""F""PAGAB ""D""ADFA|""A""gfed BcdB|
""D""PA2FA DAFA|""B""GB BA ""D""BcdB|""F""PA2FA ADFA|""A""gfed Bcde||
""D""fAdf ""G""Pgfge|""F""fd Md2""E""Bcde|""D""fAdf ""G""gefg|""A""afed ""D""Bcde|
""D""fd Md2P""G""gfge|""F""fd Md2""E""Bcde|""D""fd Md2""G""efge|""A""afed ""D""BcdB||",2024-05-08 07:18:39,Ioannis,,True,3832
116,41453,"Wind That Shakes The Barley, The",reel,4/4,Dmajor,"""D"" A3 A- ADFA|""G"" BDGA B2 dB|""D"" ADPED A3 e|""G"" fded BddB|
""D"" ADPED ADPED|""G"" BAGA B2 dB|""D"" ADPED A3 e|""G"" fded Bdde||
""D"" f2 df""G"" g2 eg|""D"" fedf""A"" e2 de|""D"" fdfd""G"" a3 a-|""A"" afed Bdde|
""D"" f2 df""G"" fgeg|""D"" fedf""A"" e2 (3ABc|""D"" defg a3 a-|""G"" afed Bd{/e}dB||",2021-06-18 12:56:08,4cordes,,True,3832
116,48813,"Wind That Shakes The Barley, The",reel,4/4,Dmajor,"""D""A2AB AFED|""G""B2BA BcdB|""D""A2AB AFED|""G""gfed ""A""BcdB|
""D""A2AB AFED|""G""B2BA BcdB|""D""A2AB AFED|""G""gfed ""A""Bcde||
""D""f2fd ""G""g2ge|""D""f2fd ""A""Bcde|""D""f2fd ""G""g2ge|""D""afed ""A""Bcde|
""D""f2fd ""G""g2ge|""D""f2fd ""A""Bcde|""D""fafd ""G""gbge|""D""afed ""A""BcdB||",2023-11-28 07:46:55,Aaron Bergen,,True,3832
116,48124,"Wind That Shakes The Barley, The",reel,4/4,Dmajor,"B|:""D""A2AB AFED|""G""B2BA BcdB|""D""A2AB AFED|1 ""A""gfed ""G""BcdB:|2 ""G""gfed ""A""Bcde||
""D""f2fd ""G""g2ge|""D""f2fd ""A""Bcde|""D""f2fd ""G""g2fg|""A""afed Bcde|
""D""f2fd ""G""g2ge|""D""f2fd ""A""Bcde|""D""defg ""A""afba|""G""gfed BcdB||",2023-09-07 19:53:26,jdogbishop96,,True,3832
248,31478,Tam Lin,reel,4/4,Eminor,"|:""Em""B2 eB gBeB|""C""c2 ec gcec|""D""d2 fd adfd|gfed Beed|
""Em""B2 eB gBeB|""C""c2 ec gcec|""D""d2 fd adfd|gfed ""Em""Be e2:|
|:""Em""eB ~B2 GBEB|eB ~B2 GBEB|""D""dA ~A2 FA ~A2|dA ~A2 ""D/B""defd|
""C""eB ~B2 GBEB|eB ~B2 GBEB|""Am""~c3 B cdef|""D/B""gefd ""Em""Be e2:|",2017-12-11 11:35:48,Sergei Ejov,Davey Arthur,True,3644
248,49743,Tam Lin,reel,4/4,Dminor,"[M:7/8][K:Bbm]|:""Bbm""F2BF dFB|""Gb""G2BG dGB|""Ab""A2cA eAc|""Bbm""dcBA FBA|
""Bbm""F2BF dFB|""Gb""G2BG dGB|""Ab""A2cA eAc|""Bbm""dcBA FBB:|
|:""Bbm""bf~f2 dfB|bf~f2 dfB|""Ab""ae~e2 cee|ae~e2 abc'|
""Bbm""bf~f2 dfB|bf~f2 dfB|""Ebm""~G3F GAB|""Fm""dBcA ""Bbm""FBB:|",2024-02-27 15:44:47,benhockenberry,Davey Arthur,True,3644
248,37488,Tam Lin,reel,4/4,Dminor,"|:""Dm""A,2DA, FA,DA,|""Bb""B,2DB, FB,DB,|""C""C2EC GCEC|""Dm""FEDC A,DDC|
""Dm""A,2DA, FA,DA,|""Bb""B,2DB, FB,DB,|""C""C2EC GCEC|""Dm""FEDC A,DD2:|
|:""Dm""dA~A2 FADA|dA~A2 FADA|""C""cG~G2 EG~G2|cG~G2 cdec|
""Dm""dA~A2 FADA|dA~A2 FADA,|""Gm""~B,3A, B,CDE|""Am""FDEC ""Dm""A,DD2:|",2020-03-20 21:27:14,Chris Fargen,Davey Arthur,True,3644
248,50618,Tam Lin,reel,4/4,Dminor,"|:""Dm""A,2DA, FA,DA,|""Bb""B,2DB, FB,DB,|""C""C2EC GCEC|""Bb""FEDC ""Am""A,DDC|
""Dm""A,2DA, FA,DA,|""Bb""B,2DB, FB,DB,|""C""C2EC GCEC|""Bb"" FEDC ""Dm""A,DD2:|
|:""Dm""d^cdA FDFA|d^cdA FDFA|""C""cEEc EEdE|""Am""cEEc EEdE|
""Dm""d^cdA FDFA|d^cdA FDFA|""Bb""B,A,B,C DCDE|FA""C""GE""Dm""D3 A:|
",2024-06-01 20:27:51,jsdansereau93,Davey Arthur,True,3644
248,51873,Tam Lin,reel,4/4,Dminor,"|:""Dm""A,2 DA, FA,DA,|""Bb""B,2 DB, FB,DB,|""C""C2 EC GCEC|FEDC A,DDC|
""Dm""A,2 DA, FA,DA,|""Bb""B,2 DB, FB,DB,|""C""C2 EC GCEC|FEDC ""Dm""A,D D2:|
|:""Dm""dA ~A2 FADA|dA ~A2 FADA|""C""cG ~G2 EG ~G2|cG ~G2 cdec|
""Dm""dA ~A2 FADA|dA ~A2 FADA|""Bb""~B,2B, A, B,CDE|""C""FDEC ""Dm""A,D D2:|",2024-09-26 19:57:25,Michael Eskin,Davey Arthur,True,3644
248,30613,Tam Lin,reel,4/4,Dminor,"|:A,2DA, FA,DA,|B,2DB, FB,DB,|C2EC GCEC|FEDC A,DDC|
A,2DA, FA,DA,|B,2DB, FB,DB,|C2EC GCEC|""1""FAGE FEDC:|""2""FAGE F3A||
|:dA~A2 FADA|dA~A2 FADA|cG~G2 EG~G2|cG~G2 cdec|
dA~A2 FADA|dA~A2 FADA,|~B,3A, B,CDE|""1""FDGE FDDA:|""2""FDGE FDDA||
|:fd~d2 AGFE|DEFG AGAc|ec~c2 ecgc|ec~c2 agfe|fd~d2 Adfa|
fdAG FEDC|B,A,B,C DCDE|""1""FDGE FDDA:|""2""FDGE F2E2|D8||",2017-07-03 13:53:03,Gary Dowsett,Davey Arthur,True,3644
248,31479,Tam Lin,reel,4/4,Bminor,"|:""Bm""F2 BF dFBF|""G""G2 BG dGBG|""A""A2 cA eAcA|dcBA FBBA|
""Bm""F2 BF dFBF|""G""G2 BG dGBG|""A""A2 cA eAcA|""F#m""dcBA ""Bm""FB B2:|
|:""Bm""bf ~f2 dfBf|Bf ~f2 dfBf|""A""ae ~e2 ce ~e2|ae ~e2 ""F#m""abc'a|
""G""bf ~f2 dfBf|Bf ~f2 dfBF|""Em""~G3 F GABc|""F#m""dBcA ""Bm""FB B2:|",2017-12-11 11:54:24,Sergei Ejov,Davey Arthur,True,3644
73,55381,"Musical Priest, The",reel,4/4,Bminor,"|:BA|""Bm"" FBBA BABd|""A""cBAf ecBA|""Bm""FBBA BcdB|""A""cBAc ""Bm""B2:|
|:Bc|""D""d2 dc dfed|""A""(3cBA eA fAeA|""Bm""dcBc ""D""defb|""A""afec ""Bm""B2:|
Bc|""Bm""dB (3BAB bafb|""A""afec ABce|""Bm""dB (3BAB bafb|""A""afec ""Bm""B2 Bc|
""Bm""dB (3BAB bafb|""A""afec ABce|""Bm""dBBc defb|""A""afec ""Bm""B2||",2025-09-26 11:20:38,Steve Ewing,,True,3443
73,52964,"Musical Priest, The",reel,4/4,Bminor,"|:BA|""Bm""FB ~B2 BABd|""A""cBAf ecBA|""Bm""FB ~B2 BABd|""A""cBAc ""Bm""B2:|
|:Bc|""D""d2 dc dfed|""A""(3(cBA) eA fA eA|""Bm""dcBc ""D""defb|""A""afec ""Bm""B2:|
|:Bc|""Bm""dB ~B2 bafb|""A""afec ABce|""Bm""dB ~B2 bafb|""A""afec ""Bm""B2 Bc:|",2025-01-21 03:21:40,Nadeau,,True,3443
73,39486,"Musical Priest, The",reel,4/4,Bminor,"|:BA|""Bm""FB BA BABd|""A""cBAf ecBA|""Bm""FB BA BcdB|""A""cBAc ""Bm""B2:|
|:Bc|""D""d2 dc dfed|""A""(3cBA eA fA eA|""Bm""dcBc ""D""defb|""A""afec ""Bm""B2:|
Bc|""Bm""dB (3BAB bafb|""A""afec ABce|""Bm""dB (3BAB bafb|""A""afec ""Bm""B2 Bc|
""Bm""dB (3BAB bafb|""A""afec ABce|""Bm""dBBc defb|""A""afec ""Bm""B4||",2020-11-06 10:24:59,Fernando Durbán Galnares,,True,3443
19,31497,"Connaughtman's Rambles, The",jig,6/8,Dmajor,"|:""D""FAA dAA|BAA dAG|FAA dfe|""G""dBB BAG|
""D""FAA dAA|BAA def|""G""gfe dfe|1 ""Em""dBB BAG:|2 ""Em""dBB B3||
|:""Bm""fbb faf|fed ede|fbb faf|fed ""A""e3|
""Bm""fbb faf|fed def|""G""gfe dfe|1 ""A""dBB B3:|2 ""A""dBB BAG||",2017-12-12 09:56:03,Sergei Ejov,,True,3414
19,54648,"Connaughtman's Rambles, The",jig,6/8,Dmajor,"V:1
|:""D""FAA dAA|""G""BAB ""D""dAG|FAA dfe|""G""dBB BAG|
V:2
|:DFF AFF|GFG AFE|DFF A2F|G3 GFE|
V:1
""D""FAA dAA|""G""BAB ""D""def|""G""gfe ""D""dfe|1 ""G""dBB ""A""BAG:|2 ""G""dBB ""A""B2e||
V:2
DFF AFF|GFG A3|BAG FDF|1 G3 GFE:|2 G3 G2A||
V:1
|:""Bm""fbb faf|fed ""A""ede|""Bm""fbb faf|""D""fed ""A""e3|
V:2
|:B3 d3|d3 c3|B2c d2A|AGF E2A|
V:1
""Bm""fbb faf|fed ""D""def|""G""gfe ""D""dfe|1 ""G""dBB ""A""B3:|2 ""G""dBB ""A""BAG||
V:2
B3 d3|d3 A3|BAG FDF|1 G3 E2A:|2 G3 GFE||",2025-07-26 19:25:41,Mike Maloney,,True,3414
19,47099,"Connaughtman's Rambles, The",jig,6/8,Dmajor,"|:""D""FAA dAA|BAA dAG|FAA dfe|""G""dBB BAG|
""D""FAA dAA|BAA def|""G""gfe dfe|1 ""A""dBB BAG:|2 ""A""dBB B3||
|:""Bm""fbb faf|fed ede|fbb faf|fed ""A""e3|
""Bm""fbb faf|fed def|""G""gfe dfe|1 ""A""dBB B3:|2 ""A""dBB BAG||",2023-05-11 01:53:58,Aaron Bergen,,True,3414
19,48116,"Connaughtman's Rambles, The",jig,6/8,Dmajor,"|:""D""FAA dAA|BAA dAG|FAA def|""G""edB BAG|
""D""FAA dAA|BAB def|""G""gfe dfe|1 dBA BAG:|2 dBA B2d||
|:""Bm""fbb ""A""faa|""G""fef ded|""Bm""fbb ""A""faa|""Bm""fed ""A""e2g|
""Bm""fbb ""A""faa|""G""fef def|gfe dfe|1 dBB B2g:|2 ""A""dBB BAG||",2023-09-07 17:16:01,jdogbishop96,,True,3414
5,53427,"Blarney Pilgrim, The",jig,6/8,Gmajor,"|:""G""DED DEG|""D/F#""A2A ABc|""G""BAG AGE|""Cadd9""GEA GED|
""G""DED DEG|""D""A2A ABc|""G""BAG ""D/F#""AGE|""Em""GED ""d""D3:|
|:""G""ded dBG|""Cadd9""AGA ""G""BGE|""G""ded dBG|""Cadd9""AGA ""G""GAB|
""Em""g2e dBG|""G""AGA BGE|""C""B2G ""G/B""AGE|""Am""GAG ""D""G3:|
|:""D""A2D ""G""B2D|""D""A2D ABc|""G""BAG ""Am""AGE|""Em""GEA ""C""GED|
""D""ADD ""G""BDD|""D""ADD ABc|""G""BAG ""Am""AGE|""C""GED ""D""D3:|",2025-03-05 18:11:06,Dennis Pelton,,True,3377
5,40455,"Blarney Pilgrim, The",jig,6/8,Dmixolydian,"|:""D""CDD DEG|ADD ABc|""G""{/c} BAG AGE|""Am7"" GEA GED|
""D"" CDD DEG|(3G.A.A ABc|""Am7"" {/c} BAG AGE|1 ""D"" GED D2 C:|2 ""D"" GED D2 B||
|:""G""ded {/e}dBG|""Am7"" AGA BGE|""G""ded {/e} dBG|""D""AGF G (3 ABd|
""G""gfe dBG|""Am7"" A2 G BGE|""C""B2G {/B}AGE|1 ""D""GED D2 B:|2 ""D"" GED D (3EFG||
|:""D""A2D ""G""B2D|""D""A2D ABc|""G""{/c}BAG AGE|""Am7""GEA GED|
""D""ADD ""G""(3BAG|""D""ADD ABc|""Am7"" {/c}BAG AGE|""D"" GED D3:|",2021-02-08 13:38:04,anikmuan,,True,3377
5,28409,"Blarney Pilgrim, The",jig,6/8,Dmixolydian,"|:""G""DED DEG|""D""A2A ABc|""G""BAG ""Am""AGE|""Em""GEA ""C""GED|
""G""DED DEG|""D""A2A ABc|""G""BAG ""Am""AGE|""D""GED D3:|
|:""G""ded dBG|""D""AGA ""G""BGE|""G""ded dBG|""D""AGA ""G""GAB|
""Em""g2e ""G""dBG|""Am""AGA ""Em""BGE|""G""B2G ""C""AGE|""D""GAG G3:|
|:""D""A2D ""G""B2D|""D""A2D ABc|""G""BAG ""Am""AGE|""Em""GEA ""C""GED|
""D""ADD ""G""BDD|""D""ADD ABc|""G""BAG ""Am""AGE|""C""GED ""D""D3:|",2016-03-03 21:32:00,Bryce,,True,3377
106,51851,"Swallowtail, The",jig,6/8,Amixolydian,"EF |: ""Em"" GEE BEE | GEE BAG | ""D""FDD ADD | dcd AGF |
""Em"" GEE BEE | GEG B2 c | ""D""dcd AGF |1 ""Em""GEE E2 F :|2 ""Em""GEE E3||
|:""Em""Bcd e2 f | e2 f edA |""Em"" Bcd e2 f | ""D"" edc d3 |
""Em""Bcd e2 f | e2 f edc | ""D"" dcd AGF | ""Em"" GEE E3 :|",2024-09-24 23:28:09,The Mad Hatter,,True,3369
106,53905,"Swallowtail, The",jig,6/8,Edorian,"V:1
|:""Em""GEE BEE|GEE BAG|""D""FDD ADD|dcd AGF|
""Em""GEE BEE|GEE B2c|""D""dcd AGF|1 ""Em""GEE E2 {E}F:|2 ""Em""GEE E2B||
|:""Em""Bcd e2f|e2f edB|Bcd e2f|edB ""D""d2B|
""Em""Bcd e2f|e2f edB|""D""dcd AGF|1 ""Em""GEE E2B:|2 ""Em""GEE E3||
V:2
|:""Em""EB,B, GB,B,|EB,B, GFE|""D""DA,A, FA,A,|A3 FED|
""Em""EB,B, GB,B,|EB,B, G3|""D""A3 FED|1 ""Em""EB,A, G,2 {B,}^D :|2 ""Em""EB,A, G,2E||
|:""Em""EFG G2A|G2A GFE|EFG G2A|GFE ""D""F2E|
""Em""EFG G2A|G2A GFE|""D""A3 FED|1 ""Em""EB,A, G,2E:|2 ""Em""EB,A, G,3||",2025-04-23 20:20:23,Ealasaid NicIlleBhrìgid,,True,3369
106,46673,"Swallowtail, The",jig,6/8,Dmajor,"|:""Em""GEE BEE|GEE BAG|""Bm""FDD ADD|""A""dcd AGF|
""Em""GEE BEE|GEG B2c|""A""dcd AGF|""Em""GEE E3:|
|:""Bm""Bcd e2f|""D""e2f edB|""Bm""Bcd e2f|""A""edB d3|
""Bm""Bcd e2f|""D""e2f edB|""A""dcd AGF|""Em""GEE E3:|",2023-04-06 00:19:22,Aaron Bergen,,True,3369
106,21780,"Swallowtail, The",jig,6/8,Dmajor,"E/F/|:""Em""GEE BEE|GEE BAG|""D""FDD ADD|dcd AGF|
""Em""GEE BEE|GEE B2B/c/|""D""dcd AGF|1 ""Em""GEE E2E/F/:|2 ""Em""GEE E2B||
|:""Em""Bcd e2f|e2f edc|Bcd e2f|""Em""edc ""D""d2c|
""Em""Bcd e2f|e2f edc|""D""dcd AGF|1 ""Em""GEE E2B:|2 ""Em""GEE E3||",2013-06-23 23:46:50,Bryce,,True,3369
106,34850,"Swallowtail, The",jig,6/8,Edorian,"|:""Em""GEE BEE|GEE BAG||""D""FDD ADD|dcd AGF|
""Em""GEE BEE|GEE B2c|""D""dcd AGF|""Em""GEE E3:|
|:""Em""Bcd e2f|e2f edB|Bcd e2f|""Em""edB ""D""d3|
""Em""Bcd e2f|e2f edB|""D""dcd AGF|""Em""GEE E3:|",2019-05-11 14:29:56,Artem Baguinski,,True,3369
106,54335,"Swallowtail, The",jig,6/8,Edorian,"z F |: ""Em"" GEE BEE | GEE BAG | ""D"" FDD ADD | dcd AGF | ""Em"" GEE BEE | 
GEE B2 c| ""D"" dcd AGF |1 ""Em"" GEE E2 F :|2 ""Em"" GEE E3 |: ""Em"" Bcd e2 f | e2 f edB | 
Bcd e2 f | edB ""D""d3 | ""Em"" Bcd e2 f | e2 f edB | ""D""dcd AGF | ""Em""GEE E3 :|",2025-06-16 23:48:02,R K,,True,3369
60,34816,"Lilting Banshee, The",jig,6/8,Adorian,"|:""Am""EAA EAA|""G""BAB G2A|""Em""Bee edB|""G""dBA GED|
""Am""EAA EAA|""G""BAB G2A|""Em""Bee edB|1 ""G""dBA ""Am""A3:|2 ""G""dBA ""Am""A2d||
|:""Am""eaa age|""G""dBA G2A|""Em"" Bee edB|""D""def ""G""gfg|
""Am""eaa age|""G""dBA G2A|""Em""Bee edB|1 ""G""dBA ""Am""A2d:|2 ""G""dBA ""A""A3||",2019-05-07 10:45:36,Connor Hickey,,True,3098
60,41515,"Lilting Banshee, The",jig,6/8,Adorian,"|:""Am""E2A EAA|""G""BAB ~G3|""Em""~e3 edB|""G""dBA GED|
""Am""~E3 ABc|""G""BAF ~G3|""Em""~e3 edB|1 ""G""dBA ""Am""~A3:|2 ""G""dBA ""Am""AB/c/d||
|:""Am""e2a age|""G""dBA ~G3|""Em"" ~e3 edB|""D""def ""G""~g3|
""Am""eaa age|""G""dBA G2A|""Em""B2e edB|1 ""G""dBA ""Am""AB/c/d:|2 ""G""dBA ""A""~A3||",2021-06-28 14:16:05,Damien Rogeau,,True,3098
60,47101,"Lilting Banshee, The",jig,6/8,Adorian,"|:""Am""EAA EAA|""G""BAB G2A|""Em""Bee edB|""G""dBA GED|
""Am""EAA EAA|""G""BAB G2A|""Em""Bee edB|1 ""Am""dBA A3:|2 ""Am""dBA A2d||
|:""Am""eaa age|""G""dBA G2A|""Em"" Bee edB|""D""def gfg|
""Am""eaa age|""G""dBA G2A|""Em""Bee edB|1 ""Am""dBA A2d:|2 ""A""dBA A3||",2023-05-11 02:42:03,Aaron Bergen,,True,3098
60,49714,"Lilting Banshee, The",jig,6/8,Adorian,"|:""Am""EAA EAA|""G""BAB G2A|""Em""Bee edB|""G""dBA GED|
""Am""EAA EAA|""G""BAB G2A|""Em""Bee edB| ""G""dBG ""Am""A3:|
|:""Am""aga age|""G""dBA G2A|""Em"" Bee edB|""D""def ""G""g3|
""Am""eaa age|""G""dBA G2A|""Em""Bee edB|""G""dBG ""Am""A3:|",2024-02-24 03:20:15,Fritz Bogott,,True,3098
42,39424,"Gravel Walks, The",reel,4/4,Adorian,"|:""Am""A2 eA BA eA|A2 eA ""G""BA GB|""Am""A2 eA B/c/d ef|""C""ge dc ""G""BA GB:|
""Am""A2 aA gA fA|~A2 eA ""G""BA GB|""Am""A2 aA gA fa|""C""ge dc ""G""BA GB|
""Am""A2 aA gA fA|~A2 eA ""G""BA GB|""Am""AB cd ef ga|""C""ge dc ""G""BA GB||
|:""Am""cA AG A3 B|cA ~A2 ""G""dB GB|""Am""cA AG A2 B/c/d|""C""ef ge ""G""dB GB:|
""C""c2 gc ac gc|~c2 gc ""G""BA GB|""C""c2 gc ac ga|ge dc ""G""BA GB|
""C""c2 gc ac gc|""C""~c2 gc ""G""BA GB|""Am""AB cd ef ga|""C""ge dc ""G""BA GB||",2020-10-29 20:17:52,janglecrow,,True,3048
42,43558,"Gravel Walks, The",reel,4/4,Adorian,"|:""Am""A2 eA (3cBA eA|A2 eA ""G""BAGB|""Am""A2 eA (3Bcd ef|""G""gedc BAGB:|
""Am""A2 aA gAfA|A2 eA ""G""BAGB|""Am""A2 aA gAfA|""G""gedc BAGB|
""Am""A2 aA gAfA|A2 eA ""G""BAGB|""Am""ABcd efga|""G""gedc BAGB|
|:""Am""(3cBA BG A2 AB|cAAd ""G""BAGB|""Am""(3cBA BG A2ef|""G""gfge dBGB:|
K:Cmaj
|:""C""c2 gc acgc|c2 gc ""G""BAGB|""C""c2 gc acga|""G""gedc BAGB|
""C""c2 gc acgc|c2 gc ""G""BAGB|""Am""ABcd efga|""G""gedc BAGB:|",2022-04-10 17:49:03,Nicolastille,,True,3048
42,44250,"Gravel Walks, The",reel,4/4,Adorian,"|:""Am""A2eA BAeA|A2ed ""G""BAGB|""Am""A2eA Bdef|""G""gedc BAGB:|
""A""A2aA gAfA|eAdc ""G""BAGB|""A""A2aA gAfa|""G""gedc BAGB|
""A""A2aA gAfA|eAdc ""G""BAGB|""F""ABcd ""Em""egfa|""G""gedc BAGB||
|:""Am""cAAG A2AB|cAAG ""G""BGBd|""Am""cAAG A2ef|""G""gfge dBGB:|
|:""C"" c2gc acgc|c2gc ""G""BAGB|""C"" gc acga|""G""gedc BAGB|
""C""c2gc acgc|c2gc ""G""BAGB|""F""ABcd ""Em""egfa|1 ""G""gedc BAGB:|2 ""Am""gedc BAGB||",2022-06-30 20:00:40,Blunty026,,True,3048
42,51287,"Gravel Walks, The",reel,4/4,Adorian,"|:""Am""A2 eA BAeA|A2 eA ""G""BAGB|""Am""A2 eA (3 Bcd ef|""C""gedc ""G""BAGB:|
""Am""A2 aA gA fA|~A2 eA ""G""BAGB|""Am""A2 aA gAfa & x7A|""C""gedc ""G""BAGB|
""Am""A2 aA gA fA|~A2 eA ""G""BAGB|""Am""ABcd efga|""C""gedc ""G""BAGB||
|:""Am""cAAG A3 B|cA ~A2 ""G""dBGB|""Am""cAAG A2(3 Bcd|""C""efge ""G""dBGB:|
""C""c2 gc ac gc|~c2 gc ""G""BAGB|""C""c2 gc acga|gedc ""G""BAGB|
""C""c2 gc ac gc|""C""~c2 gc ""G""BAGB|""Am""ABcd efga|""C""gedc ""G""BAGB||",2024-08-09 15:58:09,leprecawn,,True,3048
42,31491,"Gravel Walks, The",reel,4/4,Adorian,"|:""Am""A2 eA (3cBA eA|A2 eA ""G""BAGB|""Am""A2 eA (3Bcd ef|""G""gedc BAGB:|
""Am""A2 aA gAfA|A2 eA ""G""BAGB|""Am""A2 aA gAfA|""G""gedc BAGB|
""Am""A2 aA gAfA|A2 eA ""G""BAGB|""Am""ABcd efga|""G""gedc BAGB|
|:""Am""(3cBA BG A2 AB|cAAd ""G""BAGB|""Am""(3cBA BG ABcd|""G""efge dBGB:|
K:Cmaj
|:""C""c2 gc acgc|c2 gc ""G""BAGB|""C""c2 gc acga|""G""gedc BAGB|
""C""c2 gc acgc|c2 gc ""G""BAGB|""Am""ABcd efga|""G""gedc BAGB:|",2017-12-12 08:21:20,Sergei Ejov,,True,3048
98,48123,"Sally Gardens, The",reel,4/4,Gmajor,"BA|:""G""G2DG B2GB|dBeB dBAB|""G""d2Bd ""Em""efge|""Am""dBAB ""D""GEDE|
""G""G2DG B2GB|dBeB dBAB|""G""d2Bd ""C""egdB|1 ""D""AcBA ""G""GEED:|2 ""D""AcBA ""G""G2||
|:Bc|""G""dggf g2de|g2bg ageg|""Am""eaag a2eg|a2bg ageg|
""G""dggf g2de|g2bg ageg|""G""d2Bd ""C""egdB|""D""Ac (3BAB ""G""G2:|",2023-09-07 19:41:37,jdogbishop96,,True,2968
98,54169,"Sally Gardens, The",reel,4/4,Gmajor,"|:""G"" G2DG BAGB|dBeB dBAB|""G/C"" d2Bd efge|""D"" dBAB GEDE|
""G"" G2DG BAGB|dBeB dBAB|""G/C"" d2Bd efge|1 ""D"" dBAB ""G"" GEDE:|2 ""D"" dBAB ""G"" GABc||
|:""G"" dggf g2de|g2bg ageg|""Am"" eaag a2eg|a2bg ageg|
""G/B"" dggf g2de|g2bg ageg|""G/C"" d2Bd efge|1 ""D"" dBAB ""G"" GABc:|2 ""D"" dBAB ""G"" GEDE||",2025-05-27 22:09:24,jasonthe28,,True,2968
98,41552,"Sally Gardens, The",reel,4/4,Gmajor,"|:DE|""G"" G2 DG BDGB|dBeB dBAB|""G"" (3ddd Bd eg{/a}ge|""D"" dBAB GEDE|
""G"" G2 DG BDGB|dBeB dBAB|""G"" (3ddd Bd eg{/a}ge|""D"" dBAB""G"" G2:|
|:Bc|""G"" dggf g2 dg|(3ggg bg ageg|""Am"" eaag a2 eg|agbg ageg|
""G"" dggf g2 dg|(3ggg bg ageg|""G"" (3ddd Bd eg{/a}ge|""D"" dBAB""G"" G2||",2021-07-04 15:46:11,4cordes,,True,2968
62,41765,"Lark In The Morning, The",jig,6/8,Dmajor,"|:""D""AFA AFA|""G""BGB BdB|""D""AFA Ade|""D""fed ""G""BdB|
""D""AFA AFA|""G""BGB BdB|""D""def ""A""afe|""Bm""fdB ""G""BAB:|
|:""D""def afa|""G""bab afe|""D""def ""A""afe|""Bm""fdB ""G""BAB|
""D""def afa|""G""bab ""D""a2f|""G""gfg ""D""fgf|""Em""edB ""G""BAB:|
|:""D""d2f fef|fef fef|def fef|""Em""edB ""G""BAB|
""D""d2f fef|fef fef|""G""gfg ""D""fgf|""Em""edB ""G""BAB:|
|:""D""Add fdd|edd fdB|Add fdd|""Em""edB ""G""BAB|
""D""Add fdd|""A""ede ""D""fef|""G""gfg ""D""fgf|""Em""edB ""G""BAB:|",2021-08-17 17:56:10,Fermate,,True,2965
62,53928,"Lark In The Morning, The",jig,6/8,Dmajor,"|:""D""AFA AFA|""G""BGB BGB|""D""AFA Ade|""D""fed ""G""BdB|
""D""AFA AFA|""G""BGB BGB|""D""def ""A""afe|""Bm""fdB ""G""BAB:|
|:""D""def afa|""G""baf afe|""D""def ""A""afe|""Bm""fdB ""G""BAB|
""D""def afa|""G""baf ""D""a2f|""G""gag ""D""fgf|""Em""edB ""G""BAB:|
|:""D""d2f fef|fef fef|d2f fef|""Em""edB ""G""BAB|
""D""d2f fef|fef fef|""G""gag ""D""fgf|""Em""edB ""G""BAB:|
|:""D""Add fdd|ede fdB|Add fdd|""Em""edB ""G""BdB|
""D""Add fdd|""A""ede ""D""fef|""G""gag ""D""fgf|""Em""edB ""G""BAB:|",2025-04-26 07:54:02,chansherly212,,True,2965
62,47100,"Lark In The Morning, The",jig,6/8,Dmajor,"|:""D""AFA AFA|""G""BGB BdB|""D""AFA Ade|""G""fed BdB|
""D""AFA AFA|""G""BGB BdB|""D""def afe|""G"" fdB BAB:|
|:""D""def afa|""G""bab afe|""D""def afe|""G""fdB BAB|
""D""def afa|""G""bab a2f|""A""gfg fgf|""G""edB BAB:|
|:""D""d2f fef|fef fef|def fef|""G""edB BAB|
""D""d2f fef|fef fef|""G""gfg fgf|edB BAB:|
|:""D""Add fdd|edd fdB|Add fdd|""G""edB BAB|
""D""Add fdd|""G"" ede fef|""A""gfg fgf|""G""edB BAB:|",2023-05-11 02:25:36,Aaron Bergen,,True,2965
62,55345,"Lark In The Morning, The",jig,6/8,Dmajor,"|:""D""AFA AFA|""G""BGB BdB|""D""AFA Ade|""G""fed BdB|
""D""AFA AFA|""G""BGB BdB|""D""def ""G""afe|""A"" fdB BAB:|
|:""D""def a2a|""G""baf afe|""D""def afe|""G""fdB BAB|
""D""def a2a|""G""baf afe|""D""g3 ""G""f3|""A""edB BAB:|
|:""D""d2f fef|fef fef|d2f fef|""G""edB BAB|
""D""d2f fef|fef fef|""G""g3 f3|""A""edB BAB:|
|:""D""Add fdd|ede fdB|Add fdd|""G""edB BAB|
""D""Add fdd|""G"" ede fef|""D""g3 ""G""f3|""A""edB BAB:|",2025-09-24 00:16:37,JixReborn,,True,2965
62,40086,"Lark In The Morning, The",jig,6/8,Dmajor,"|:""D""AF""d""A AF""d""A|""G""BG""g""B ""A""Bd""a""B|""D""AF""d""A Ad""d""e|""G""fe""g""d ""A""Bd""a""B|
""D""AF""d""A AF""d""A|""G""BG""g""B Bd""g""B|""D""de""d""f af""d""e|""G""fd""g""B ""A""BA""a""B:|
|:""D""de""d""f af""d""a|""G""ba""g""f ""A""af""a""e|""D""de""d""f af""d""e|""G""fd""g""B ""A""BA""a""B|
""D""de""d""f af""d""a|ba""d""f a2""d""f|""G""(g2""g""g) ""D""fg""d""f|""A""ed""a""B BA""a""B:|
|:""D""d2""d""f fe""d""f|fe""d""f fe""d""f|""D""d2""d""f fe""d""f|""G""ed""g""B ""A""BA""a""B|
""D""d2""d""f fe""d""f|fe""d""f fe""d""f|""G""(g2""g""g) ""D""fg""d""f|""A""ed""a""B BA""a""B:|
|:""D""Ad""d""d fd""d""d|""G""ed""g""e fd""A""B|""D""Ad""d""d fd""d""d|""G""ed""g""B ""A""BAF|
""D""Ad""d""d fd""d""d|ed""d""e (f2""d""f)|""G""(g2""g""g) ""D""fg""d""f|""A""ed""a""B BA""a""B:|",2021-01-06 22:52:56,Michael Eskin,,True,2965
68,33393,"Mountain Road, The",reel,4/4,Dmajor,"""D""F2AF BFAF|F2AF ""G""EF""Asus""DE|""D""F2AF BFAF|""G""G2FG EF""Asus""DE|
""D""F2AF BFAF|F2AF ""G""EFDE|""D""FAA2 BAFB|ABde ""A""fddc||
""D""d3B ADFA|dcde ""G""fgfe|""D""dcdB ADFA|""G""G2FG EF""A""Dc|
""D""dcdB ADFA|dcde ""G""fgfe|""D""dcdB ADFA|""G""G2FG ""A""EFDE||",2018-10-23 12:40:11,luddite,Michael Gorman,True,2790
68,47098,"Mountain Road, The",reel,4/4,Dmajor,"""D"" F2 AF BFAF|F2 AF ""A"" EFDE|""D"" F2 AF BFAF|""G"" G2 FG ""A"" EFDE|
""D"" F2 AF BFAF|F2 AF ""A"" EFD2|""D"" FAA2 BAFA|""G"" BABd ""A"" eddA|
""D"" d2dA BAFA|d2 de ""A"" fgfe|""D"" d2 dA BAFA|""G"" G2 FG ""A"" EDFA|
""D"" d2 dA BAFA|d2 de ""A"" fgfe|""D"" d2 dA BAFA|""G"" G2FG ""D"" EFDE|",2023-05-11 01:41:37,Aaron Bergen,Michael Gorman,True,2790
68,55581,"Mountain Road, The",reel,4/4,Dmajor,"""D"" F2 AF BFAF|""D""F2 AF ""A"" EFDE|""D"" F2 AF BFAF|""G"" G2 FG ""A"" EFDE|
""D"" F2 AF BFAF|""D""F2 AF ""A"" EFD2|""G"" FAA2 BAFA|""A"" BABd eddA|
""D"" d2dA BAFA|""A""d2 de fgfe|""G"" d2 dA BAFA|""A"" G2 FG EDFA|
""D"" d2 dA BAFA|""A""d2 de fgfe|""G"" d2 dA BAFA|""A"" G2FG EFDE|",2025-10-21 14:03:34,lusoceltibero,Michael Gorman,True,2790
68,50647,"Mountain Road, The",reel,4/4,Dmajor,"DE|""D""F2AF BFAF|""D/A""F2AF ""D""EFDE|""D""F2AF BFAF|""G"" GE ""D/F#"" FD ""Em"" ED""A""B,D|
""D""F2 AF ""G""BFAF|""D/F#""F2AF EFDE|""G""FA (3AAA ""A""BAFA|""G/B""ABde ""A""fedc||
""D""d2cdB ADFA|""D/A"" d2de fgfe| ""D""d2dB ADFA|""G""GE ""D/F#""(3GFD ""Em"" ED""A""B,C|
""D""d2dB ADFA|""D""d2de fgfe|""G""dcdB ""D""ADFA|""Bm7""GEFD ""A""EDB,D||",2024-06-08 03:58:56,Helen Snibson,Michael Gorman,True,2790
103,33453,Saint Anne's,reel,4/4,Dmajor,"de|:""D"" f3g ""G"" fedB|""D"" A2FA DAFA|""G"" B2GB EBGB|""D"" A2 FA DAFA|
""D"" f3g ""G"" fedB|""D"" A2FA DAFA|""G"" Beed ""A7"" cAce|1 ""D"" edce d2 de:|2 ""D"" edce d2 ag||
|:""D"" fdfa fdfa|""Em"" aggf g3f|""A7"" eceg eceg|""D"" baa^g ""A"" a3g|
""D"" fdfa fdfa|""Em"" aggf g3f|""A7"" eceg eceg|1 fdec ""D"" d2 ag:|2 fdec ""D"" d2 de||",2018-11-03 23:17:12,NfldWhistler,,True,2753
103,53075,Saint Anne's,reel,4/4,Dmajor,"|:""D""fedf edcB|A2FA DAFA|""Em""B2GB EBGB|""D""A2FA DAFA|
fedf edcB|A2FA DAFA|""G""Beed ""A7""cABc|""D""eddc d2 de:|
|:""D""~f2 fd ~f2 fd|""G""~g2 gf ~g2 gf |""A7"" edcB Acea|baa^g ~a3 g|
""D""~f2 fd ~f2 fd|""G""~g2 gf ~g2 gf|""A7""edcB Aceg|""D""fddc d2 de:|",2025-02-01 08:31:11,JohnMcTilly,,True,2753
103,24915,Saint Anne's,reel,4/4,Dmajor,"de|:""D""f2fg fedB|A2F2 F2dc|""G""B2G2 BcdB|""D""A2F2 F2de|
""D""fefg fedB|A2F2 F2dc|""G""BGAB ""A""cABc|1 ""D""d2d2 d2de:|2 ""D""d2d2 d2ag||
|:""D""fedc defg|""G""a2gg g2 f2|""A""edcB Aceg|""D""b2a2 a2ag|
""D""fedc defg|""G""a2gg g2f2|""A""edcB ABcd|1 ""D""e2dd d2ag:|2 ""D""e2dd d2||",2014-10-06 19:58:51,Vokuhila,,True,2753
103,49169,Saint Anne's,reel,4/4,Dmajor,"|:de|""D""f3g fedB|A2FA DAFA|""G""B2GB DBGB|""D""A2FA DAFA|
""D""f3g fedB|A2FA DAFA|""G""BGBd ""A""cAce|""D""d2dc d2:|
|:de|""D""f2fe defd|""Em""aggf g2gf|""A""edcB Acea|""D""baa^g a3=g|
""Bm""f2fe defd|""Em""aggf g2gf|""A""edcB Aceg|""D""fddc d2:|",2023-12-29 17:21:11,jdogbishop96,,True,2753
103,46555,Saint Anne's,reel,4/4,Dmajor,"|:""D""fedf ""G""edcB|""D""A2FA DAFA|""G""B2GB EBGB|""D""A2FA DAFA|
""D""fedf ""G""edcB|""D""A2FA DAFA|""G""BGed ""A""cABc|""A""eddc ""D""d2 de:|
|:""D""f2fg fedc|""G""Bggf g2gf|""A""edcB ABce|""D""baa^g ""A""aba=g|
""D""f2fg fedc|""G""Bggf g2gf|""A""edcB ABcd|""A""eddc ""D""d2 de:|",2023-03-26 00:10:13,Fernando Durbán Galnares,,True,2753
103,33452,Saint Anne's,reel,4/4,Dmajor,"de|:""D"" fedc ""G"" edcB|""D"" A2FA DAFA|""G"" B2GB DBGB|""D"" AGFE DFAd|
""D"" fedc ""G"" edcB|""D"" A2FA DAFA|""G"" BGBd ""A7"" cAce|1 ""D"" defe d2 de:|2 ""D"" defe d2 ag||
|:""D"" fdfa fdfa|""Em"" aggf ~g3f|""A7"" eceg eceg|""D"" baa^g ""A"" a3g|
""Bm"" fdfa fdfa|""Em"" aggf ~g3f|""A7"" eceg eceg|1 fdec ""D"" d2 ag:|2 fdec ""D"" d2 de||",2018-11-03 23:03:24,NfldWhistler,,True,2753
103,22314,Saint Anne's,reel,4/4,Dmajor,"de|:""D"" f2fg ""A"" fedB|""D"" A2F2F2A2|""G"" B2GA BcdB|""D""A2F2 F2de|
""D"" f2fg ""A"" fedB|""D"" A2F2F2A2|""G"" B2d2 ""A""cdec|1 ""D"" d2de d2de:|2 ""D"" d2de d2ag||
|:""D"" f2d2 defg|""G"" a2gf g2gf|""A"" edcB Aceg|""D""b2a2 a2g2|
""D""f2d2 defg|""G""a2gf g2gf|""A""edcB ABce|1 ""D""f2f2 d2ag:|2 ""D""f2""A""d2""D""d2z2||",2013-09-19 01:49:03,paulj504,,True,2753
103,24127,Saint Anne's,reel,4/4,Dminor,"de|:""Dm"" f2fg ""Am"" fedB|""Dm"" A2F2F2A2|""Gm"" B2GA BcdB|""F""A2F2 F2de|
""Dm"" f2fg ""Am"" fedB|""Dm"" A2F2F2A2|""Gm"" B2d2 ""Am""cdec|1 ""Dm"" d2de d2de:|2 ""Dm"" d2de d2ag||
|:""Dm"" f2d2 defg|""Gm"" a2gf g2gf|""Am"" edcB Aceg|""F""b2a2 a2g2|
""Dm""f2d2 defg|""Gm""a2gf g2gf|""Am""edcB ABce|1 ""Dm""f2f2 d2ag:|2 ""Dm""f2""Am""d2""Dm""d4||",2014-05-07 02:56:21,BillScates,,True,2753
103,47279,Saint Anne's,reel,4/4,Dmajor,"|:de|""D""f3g fedB|A2FA DAFA|""G""B2GB DBGB|""D""A2FA DAFA|
""D""f3g fedB|A2FA DAFA|""G""BGBd ""A""cAce|""D""d2dc d2:|
|:de|""D""f2fe defd|""Em""aggf g2gf|""A""edcB Acea|""D""baa^g a3=g|
""D""f2fe defd|""Em""aggf g2gf|""A""edcB Aceg|""D""fddc d2:|",2023-05-29 04:45:29,Aaron Bergen,,True,2753
103,31802,Saint Anne's,reel,4/4,Dmajor,"de|:""D""f2fg fedB|A2F2 F2GA|""G""B2G2 G2GB|""A7""A2F2 F2de|
""D""f2fg fedB|A2F2 F2FA|""G""BGBd ""A7""cAce|""D""dfec d2:|
|:ag|""D""fdfa fdfg|""Em""aggf g2gf|""A7""edcB Aceg|""D"" baa^g ""A7""a2a=g|
""D""fdfa fdfg|""Em""a2gf g2gf|""A7""edcB Acec|""D""dfec d4:|",2018-02-04 09:13:30,Dirosas,,True,2753
103,49127,Saint Anne's,reel,4/4,Cmajor,"|:c2 ""C""G2c2 ""C""cd|e2 ""C""fed ""C""cA|G2 ""C""G2E2 ""C""Gc|A2 ""F""A2F2 ""F""AA|
GA""C""GF E2 ""C""cd|e2 ""C""fed ""C""cA|G2 ""C""G2E2 ""C""Gc|AF""F""Ac BG""G""Bd|c2""C""cB c2-""C""c2:|",2023-12-27 01:33:13,PietroJonovich,,True,2753
74,39369,"Mason's Apron, The",reel,4/4,Gmajor,"""A""~g3d BAGE|DEGA BGAB|cAAG ~A3G|ABcd ~e3f|
gBdG BAGE|DEGA BzAB|cBcd efge|dBBA ~G3z||
""A'""gfgd BAGE|DEGA BzAB|cA~A2 ~A3B|c3d ~e3f|
~g2 gz BAGE|DEGA BzAB|cBcd efge|dz AB ~G3A||
|:""B""BGdB eBdG|BGdB eBdB|BAeA fAeB|BAeA fAec|
BGdB eBdG|BGdB eBdB|c2cd ~e3g|dBAB ~G3z:|
""C""B2dB eBdB-|B2dB eBdB|c2ec gcec-|c2ec gzge|
B2dB eBdB-|B2dB eBdB|cBcd eage|dBcA ~G3z||
""C'""B2dB eBdB-|B2dB eBdB|c2ec gcec-|c2gc fcec|
B2dB eBdB|GBdB eBdB|czcd ~e3g|dzAB ~G3A||
""D""B2gB aBgB-|B2gB aBgB|c2ac bcac-|c2ac bzac|
B2gB aBgB-|B2 az aged|cBcd efge|dBBA ~G3z||
""D'""B2gB aBgB-|B2gB aBgB|c2ac bcac-|c2ac bzac|
B2gB aBgB-|B2 gb aged|cBcd efge|dBAB ~g3z||
|:""E""gded gded|gzfg edeg|ae~e2 aefg|az^ga edef|
gded gded|gzfg edef|1 ~g3e dBGb|~a3b ~g2gz:|2 ~g3e dBGB|~A3B ~G2GA||
""F""BzgB dGBD|GBdG BDGB|cEGc EGcE|GcEG cEGz|
BDGB DGBD|GBDG BDGB|czcd ~e3g|dzAB ~G3A||
""F'"" BDGB dG (3Bcd|GBdG Bd[Gg]z|ceGc GceG|ceGc eGcA|
BdGB dGBd|GBdG BdGB|czcd ~e3g|dzAB ~G3A||
""D""B2gB aBgB-|B2gB aBgB|c2ac bcac-|c2ac bzac|
B2gB aBgB-|B2 az aged|cBcd efge|dBBA ~G3z||
""D'""B2gB aBgB-|B2gB aBgB|c2ac bcac-|c2ac bzac|
B2gB aBgB-|B2 gb aged|cBcd efge|dBAB ~g3z||",2020-10-27 00:55:12,JWiseman,,True,2740
74,55364,"Mason's Apron, The",reel,4/4,Amajor,"|:ed|""A""c2 A2 ABAF|EFAB c2 BA|""D""dB B2 BcBA|Bcde ""E""f2 ed|
""A""c2 A2 ABAF|EFAB c2 BA|""D""BABc defa|""E""edcB ""A""A2:|
|:ed|""A""cAeA fAeA|cAeA fedc|""D""dBfB gBfB|dBfB gfed|
""A""cAeA fAeA|cAeA fedc|""D""Bcde fefa| ""E""edcB ""A""A2 :|",2025-09-25 11:46:32,Steve Ewing,,True,2740
74,49141,"Mason's Apron, The",reel,4/4,Amajor,"|:ed|""A""c2A2 ABAF|EFAB cABc|""Bm""d2B2 BcBA|""E7""GABc defg|
""A""a2A2 cBAF|EFAB cABc|""D""dcde fgaf|""E7""ecdB ""A""A2:|
|:ed|""A""c2ec fcec|c2eA fedc|""Bm""d2fd gdfd|d2fB ""E7""gfed|
""A""c2ec fcec|c2ec fedc ""D""Bcde fgaf|""E7""ecdB ""A""A2:|",2023-12-27 19:28:00,Paddy Squeezebox,,True,2740
74,48811,"Mason's Apron, The",reel,4/4,Gmajor,"|:ge|""G""dBB2 AGEG|DEGA B2AG|""D""EAA2 BAA2|(3B^cd ef gage|
""G""dBB2 AGEG|DEGA BGAB|""C""c3d edeg|""G""GDBA G2:|
|:dc|""G""BGG2 eGdG|G2dG eGdG|""C""cee2 gee2|""D""degb aged|
""G""Bdd2 edd2|GABG AGEG|""C""c3d edeg|""G""GDBA G2:|",2023-11-28 07:29:24,Aaron Bergen,,True,2740
12,45987,"Cliffs Of Moher, The",jig,6/8,Adorian,"|:""Am""eaa bag|""Am""eaf ged|c2A ""G""BAG|""Em""EFG ""G""ABd|
""Am""eaa bag|""Am""eaf ged|c2A ""G""BAG|""Em""EFG ""Am""A3:|
|:""Am""e2e dBA|""Am""e2e dBA|""G""GAB dBA|""G""GAB dBd|
[1 ""Am""e2e dBA|""Am""e2e dBA|""G""GAB dBG|""Em""EFG ""Am""A3:|
[2 ""Am""e2e ""G""dee|""F""cee ""Em""Bee|""G""EFG BAG|""Em""EDB, ""Am""A,3||",2023-01-24 23:40:18,Fernando Durbán Galnares,,True,2681
12,50742,"Cliffs Of Moher, The",jig,6/8,Adorian,"|:""Am""a^ga ba=g|""Am""eaf ged|c2A ""G""BAG|""Em""EFG ""G""ABd|
""Am""eaa bag|""Am""eaf ged|c2A ""G""BAG|""Em""EFG ""Am""A3:|
|:""Am""efe dBA|""Am""efe dBA|""G""GAB dBA|""G""GAB dBd|
[1 ""Am""efe dBA|""Am""efe dBA|""G""GAB dBG|""Em""EFG ""Am""A3:|
[2 ""Am""efe ""G""dee|""F""cee ""Em""Bee|""G""EFG BAG|""Em""EDB, ""Am""A,3||",2024-06-17 15:44:47,leprecawn,,True,2681
12,53959,"Cliffs Of Moher, The",jig,6/8,Adorian,"|:""Am""a3 a2g|""Am""eaa ged|""G""B2G DGG|""G""BGB dBd|
""Am""eaa a2g|""Am""eaa ged| ""G""B2G DGG|""Em""BAA ""Am""ABd:|
|:""Am""ege dBA|""Am""ege d2c|""G""B2G DGG|""G""BGB dBd|
""F""ege dBA|""F""(3efg e d2c|""G""B2G DGG|1 ""Em""BAA ""Am""ABd:|2 ""Em""BAA ""Am""A3||",2025-04-29 08:37:01,chansherly212,,True,2681
15,51854,Calliope House,jig,6/8,Dmajor,"|:""D""dAA fAA|eAA fAA|""Em7""B2e e2d|efe dBA|""D/F#""F2A A2F|
A2B d2e|1 ""G""f2f fed|""A""e3 ecA:|2 ""G"" f2f ""A""efe|""D""d3 efg||
|:""D""a2a ""D/C#""faa|""D/B""eaa ""D/A""def|""G""g2g ""G/F#""fed|""Em""e2e ""A""dBA|""D""FAA A2F|
""D/F#""A2B d2e|1 ""Em7""f2f fed|""A""e3 efg:|2 ""G""f2f ""A"" efe|""D""d3 FAB||",2024-09-25 09:13:53,John Battista,Dave Richardson,True,2611
15,31099,Calliope House,jig,6/8,Gmajor,"|:""D""dAA fAA|eAf fed|""Em""BeB e2d|""A""efd B3|""D""AAF AAD|
""D""A2 B d2 e|1 ""D"" faf ""G""fed|""A""e3 edB:|2 ""D""faf ""A""fed|""D""d3 ""D""def||
|:""D""a3 ""D""faa|""D""eaa ""D""def|""C""g3 ""C""fgf|""G""egd ""G""B3|""D""AAF ""D""AAD|
""D""A2 B ""D""d2 e|1 ""D""faf ""G""fed|""A"" e3 ""A""efg:|2 ""D""faf ""A""gfe|""D""d3 ""G""[d3F]||",2017-10-03 20:43:28,Chris Quarles,Dave Richardson,True,2611
15,31495,Calliope House,jig,6/8,Dmajor,"|:""D""dAA fAA|""A""eAA ""D""fAA|""G""Bee e2d|""A""efe dBA|""D""FAA A2F|
""G""A2B d2e|1 ""Em""f2f fed|""A""e3 e2A:|2 ""G"" f2f edB|""D""d3 efg||
|:""D""a2a faa|eaa faa|""G""g2g fgf|""Em""efe dBA|""D""FAA A2F|
""G""A2B d2e|1 ""Em""f2f fed|""A""e3 efg:|2 ""G""f2f edB|""D""d3d3||",2017-12-12 09:45:10,Sergei Ejov,Dave Richardson,True,2611
15,32919,Calliope House,jig,6/8,Dmajor,"|:""D""dAA fAA|""A""eAA ""D""fAA|""G""B2e e2d|""A""efe dBA|""D""F2A A2F|
""G""A2B d2e|1 ""Em""f2f fed|""A""e3 ecA:|2 ""G"" f2f efe|""D""d3 efg||
|:""D""a2a faa|eaa def|""G""g2g fed|""Em""e2e dBA|""D""FAA A2F|
""G""A2B d2e|1 ""Em""f2f fed|""A""e3 efg:|2 ""G""f2f efe|""D""d3 FAB||",2018-08-19 02:16:07,NfldWhistler,Dave Richardson,True,2611
15,48115,Calliope House,jig,6/8,Dmajor,"|:""D""dAA fAA|""A""eAA ""D""fAA|""Em""B2e e2d|""A""efe dBA|""D""F2A A2F|
A2B d2e|1 ""G""f2f fed|""A""e3 ecA:|2 ""G"" f2f efe|""D""d3 efg||
|:""D""a2a faa|""A""eaa ""D""def|""G""g2g fed|""A""e2e dBA|""D""FAA A2F|
A2B d2e|1 ""G""f2f fed|""A""e3 efg:|2 ""G""f2f ""A"" efe|""D""d3 FAB||",2023-09-07 17:04:23,jdogbishop96,Dave Richardson,True,2611
197,54334,"Star Of Munster, The",reel,4/4,Adorian,"Z AB |: ""Am""ccAc ""G""BAGB | ""Am""AGEA ""G"" GED^D | ""Am"" EAAB cBcd |
""F""eaaf ""G""gedB | ""Am""ccAc ""G""BAGB | ""Am"" AGEA ""G""GED^D | ""Am"" EAAB cded |
|1 ""Em""cAAG ""Am"" A2 :|2 ""Em""cABG ""Am"" Aceg |: ""Am"" a2 ab ageg | agbg agef | 
""G"" g2 ga gede | gabg ageg | ""Am"" a2 ab ageg | agbg agef |
|1 ""G"" gedc BAGE | ""Em"" DEGA ""G"" Bdeg :|2 ""G"" g2 ga gedB|""Em"" cAAG ""Am""A2 ||",2025-06-16 23:33:34,R K,,True,2543
197,51694,"Star Of Munster, The",reel,4/4,Adorian,"""Am""[c2A2]Ac ""G""[B2G2] GB| ""Am""GA (3AAA ""G""GED2|""Am""[A,E]A (3AAA ABcd|""Am""[e3c3] e ""G""dBGB|
""Am""BccA ""G""[B2G2] AG |""Am"" GA (3AAA ""G""GED2|""Am""[A,E]A (3AAA ABcd|""Am""[c3A3] B [A4E4]||
""Am"" cBAc ""G""[B2G2] GB| ""Am""GA (3AAA ""G""GED2|""Am""[A,E]A (3AAA ABcd|""Am""eage ""G""dBGB|
""Am""BccA ""G""[B2G2] (3A_AG |""Am"" GA (3AAA ""G""GED2|""Am""[A,E]A (3AAA ABcd|""Am""eaag [a4e4] ||
""Am""eaab ae (3eee |""Am"" [a3e3] b [ea]e (3eee |""G""dgga gd (3ddd |""G""[g3B3] a gd (3ddd|
""Am""eaab ae (3eee |""Am"" [a3e3] b [ea]e (3eee| ""G""gd (3ddd ""Am"" ae (3eee |""G""be ""Am""ae ""G""ged2||
""Am""eaab ae (3eee |""Am"" aebe agef |""G""dgga gd (3ddd |""G""gaba gede |
""Am""eaab ae (3eee |""Am"" [a3e3] b [ea]e (3eee| ""G""gd (3ddd ""Am"" ae (3eee |""G""(3bae ""Am""(3age ""G""ged2||",2024-09-06 07:01:21,Edgar Bolton,,True,2543
197,39768,"Star Of Munster, The",reel,4/4,Gdorian,"A|BAGB AGFD|GFDE FDCF|DEFF GA=Bc|dggg fdcA|
BAGB AGFD|GFDE FDCF|DEFF GA=Bc|de^fd AG G A||
ABBA G3 F|(3GFD CF DFCF|DEFF GA=Bc|dggg ^fdcA|
dcAd cAGc|AGFD GF D2|G,A,=B,D GA=Bc|de^fd AG G2||
|:dgg^f gd ~d2|gdad gdde|effe fc ~c2|^fgag ^fdcA|
dgg^f gd ~d2|gdad gdde|1 effa g2 ga|baag ^fdcA:|
[2 fefa g2 ga|baag ^fdcA||""Ending""BA (3GAB AG (3FED|G4 z4||",2020-12-05 01:45:58,GaryAMartin,,True,2543
197,46402,"Star Of Munster, The",reel,4/4,Adorian,"|ed|:""Am""cBAc ""G""BAGB|""Am""AGEF ""Em""GEDG|""Am""EAAB cBcd|""Am""eaaf ""Em""gedB|
""Am""cBAc ""G""BAGB|""Am""AGEF ""Em""GEDG|""Am""EAAB cded|1 ""G""cABG ""Am""A2ed:|2 ""G""cABG ""Am""A2cd||
|:""Am""eaab ageg|""Am""agbg aged|""G""egga gedd|""G""egga ""Em""gedf|
""Am""eaab ageg|""Am""agbg agef|""G""g2ge ""Am""a2ag|1 ""Em""bgaf gedf:|2 ""Em""bgaf ge||",2023-03-10 17:26:55,Fernando Durbán Galnares,,True,2543
197,28411,"Star Of Munster, The",reel,4/4,Adorian,"|ed|:""Am""c2Ac ""G""B2GB|""F""AGEF ""Em""GEDG|""Am""EAAB cBcd|""Am""eaaf ""Em""gfed|
""Am""cBAc ""G""BAGB|""F""AGEF ""Em""GEDG|""Am""EAAB cded|1 ""G""(3cBA BG ""Am""A2ed:|2 ""G""(3cBA BG ""Am""A2de||
|:""Am""eaab ageg|""Am""agbg agef|""G""gfga gfef|""G""gfaf gfdf|
""Am""eaab ageg|""Am""agbg agef|""G""g2gf ""F#m""a2ga|""Em""bgaf [1gedf:|2 gedB|A4]",2016-03-03 21:37:06,Bryce,,True,2543
20,23896,"Cup Of Tea, The",reel,4/4,Edorian,"|:""Em""BAGF GEEF|""Em""GEBE GEE/E/E|""Em""BAGF GEEF|""D""FDAG FDD/D/D|
""Em""BAGF GEEF|""Em""GEBE GEEA|""Em""BAGF GABc|""D""dBAG FDD2:|
|:""D""d2e/f/g fdec|""Bm""d2eg fBB/B/B|""D""d2eg fdec|""A""dBAG ""D""FDD2|
""D""d2e/f/g fdec|""D""dfaf ""G""g2fg|""D""afge fdec|""D""dBAG FDD2:|
|:""D""FAdA FABA|""D""FAdA ""A""FEE/E/E|""D""FAdA ""G""BABc|""A""dBAG ""D""FDD2|
""D""FAdA FABA|""D""FAdf ""A""fee/e/e|""D""fdec ""G""dBAF|""A""dBAG ""D"" FDD2:|",2014-03-31 00:17:57,BillScates,,True,2507
20,32964,"Cup Of Tea, The",reel,4/4,Dmajor,"|:""Em"" BAGF GE ~E2|GEBE GE ~E2|BAGF GE ~E2|""D""FDAG FD ~D2|
""Em"" BAGF GE ~E2|GEBE GE ~E2|""G""BAGF GABc|""D""dBAG FD ~D2:|
|:""D""d2 (3(efg) ""A""fdec|""D""d2 (3(efg) ""Bm""fB ~B2|""D""d2 (3(efg) ""A""fdec|""A""dBAG ""D""FD ~D2|
""D""d2 (3(efg) ""G""fdec|""D""dfaf ""A""g2 fg|""D""af (3gfe ""G""fdec|""A""dBAG ""D""FD ~D2:|
|:""D""FAdA FAdA|""D""FAdA ""A""FE E2|""D""FAdA ""G""BABc|""A""dBAG ""D""FD ~D2|
""D""FAdA FAdA|""D""FAde ""A""fe e2|""G""fdec dBAF|""A""GBAG ""D""FD ~D2:|",2018-08-27 11:29:22,Edgar Bolton,,True,2507
20,32966,"Cup Of Tea, The",reel,4/4,Edorian,"|:""Em"" BAGF GE ~E2|GEBE GE ~E2|BAGF GE ~E2|""D""FDAG FD ~D2|
""Em"" BAGF GE ~E2|GEBE GE ~E2|""G""BAGF GABc|""D""dBAG FD ~D2:|
K:D
|:""D""d2 (3(efg) ""A""fdec|""D""d2 (3(efg) ""Bm""fB ~B2|""D""d2 (3(efg) ""A""fdec|""A""dBAG ""D""FD ~D2|
""D""d2 (3(efg) ""G""fdec|""D""dfaf ""A""g2 fg|""D""af (3gfe ""G""fdec|""A""dBAG ""D""FD ~D2:|
|:""D""FAdA FAdA|""D""FAdA ""A""FE E2|""D""FAdA ""G""BABc|""A""dBAG ""D""FD ~D2|
""D""FAdA FAdA|""D""FAde ""A""fe e2|""G""fdec dBAF|""A""GBAG ""D""FD ~D2:|",2018-08-27 14:50:17,Edgar Bolton,,True,2507
111,45196,Tripping Up The Stairs,jig,6/8,Dmajor,"|:""D""FAA ""G""GBB|""D""FAd fed|""A""cBc ABc|""D""dfe dAG|
""D""FAA ""G""GBB|""D""FAd fed|""A""c2c ABc|""D""dfe d2A:|
|:""Bm""dBB fBB|dBB fed|""A""cAA eAA|efe edc|
""Bm""dBB fBB|fgf fed|""A""cBc ABc|""D""dfe d3:|",2022-10-28 11:55:29,mcinnes,,True,2490
111,28407,Tripping Up The Stairs,jig,6/8,Dmajor,"|:""D""FAA ""G""GBB|""D""FAd fed|""A""cBc ABc|""D""dfe ""G""dAG|
""D""FAA ""G""GBB|""D""FAd fed|""A""c2c ABc|""D""dfe d2A:|
|:""Bm""dBB fBB|""Bm""dBB fed|""A""cAA eAA|""A""efe edc|
""Bm""dBB fBB|""Bm""fgf fed|""A""cBc ABc|""D""dfe d3:|",2016-03-03 21:26:50,Bryce,,True,2490
72,42710,"Merry Blacksmith, The",reel,4/4,Dmajor,"A4|:""D""d2dA BAFA|BcdA BAFA|""G""Bcde ""D""fedA|""G""Be2d ""A""egfe|
""D""d2dA BAFA|BcdA BAFA|""G""Bcde ""D""fafe|""A""dBFE ""D""D4:|
|:""D""a2ag fgfe|d2dA BAFA|""G""Bcde ""D""fedA|""G""Be2d ""A""egfe|
""D(Bm on repeat)""a2ag fgfe|d2dA BAFA|""G""Bcde ""D""fafe|""A""dBFE ""D""D4:|",2022-01-05 02:02:16,Charleville,,True,2462
72,40072,"Merry Blacksmith, The",reel,4/4,Dmajor,"|:""D"" (d2""d""d) A BA""d""FA|AB""d""dA BA""d""FA|AB""d""de fd""d""ed|""G"" Be""g""ed ""A""egfe|
""D"" (d2""d""d) A BA""d""FA|AB""d""dA BA""d""FA|AB""d""de ""G""fd""g""ec|1 ""A"" dB""a""AF ""D""D2A2:|2 ""A"" dB""a""AF ""D""D2fg||
|:""D"" a2""d""ag fg""d""fe|de""d""dA BA""d""FA|AB""d""de fd""d""ed|""G"" Be""g""ed ""A""egfe|
""D"" ab""d""ag fg""d""fe|de""d""dA BA""d""FA|AB""d""de ""G""fd""g""ec|1 ""A"" dB""a""AF ""D""D2fg:|2 ""A"" dB""a""AF ""D""D2A2||",2021-01-05 18:28:13,Michael Eskin,,True,2462
72,48122,"Merry Blacksmith, The",reel,4/4,Dmajor,"|:A2|""D(12x)""d2dA BAFA|BcdA BAFA|""G(5x)""ABde ""D/F#(4x)""f2ed|""G(5x)""Beed ""A(7x)""egfe|
""D""d2dA BAFA|ABdA BAFA|""G""ABde ""D/F#""fdec|""A""dBAF ""D""D2:|
|:fg|""D(12x)""a2ag f2fe|""Em(2x)""d2dA BAFA|""G(5x)""ABde f2ed|""A(7x)""Beed egfe|
[1 ""D(12x)""abag fgfe|d2dA BAFA|""G""ABde ""D/F#""fdec|""A""dBAF ""D""D2:|
[2 ""Bm(99x)""abag fgfe|d2dA BAFA|""G""ABde ""D/F#""fdec|""A""dBAF ""D""D2||",2023-09-07 19:30:59,jdogbishop96,,True,2462
72,25590,"Merry Blacksmith, The",reel,4/4,Dmajor,"|:A|""D"" d3 A BAFA|ABdA BAFA|ABde fded|""A"" Beed egfe|
""D"" d3 A BAFA|ABdA BAFA|""G"" ABde fdec|""A"" dAAG ""D"" FAD:|
|:f|""D"" a2ag fafe|dedA BAFA|ABde fded|""A"" Beed e2fg|
""D"" abag fgfe|dedA BAFA|""G"" ABde fdec|""A"" dAAG ""D"" FAD:|",2015-01-10 21:18:40,BenH,,True,2462
72,53937,"Merry Blacksmith, The",reel,4/4,Dmajor,"|:AB|""D"" d3 A BAFA|ABdA BAFA|ABde fded|""A"" Beed egfe|
""D"" d3 A BAFA|ABdA BAFA|""G"" ABde fdec|""A"" dBAF ""D"" D2:|
|:fg|""D"" abag fgfe|d2dA BAFA|ABde fded|""A"" Beed e2fg|
""D"" abag fgfe|d2dA BAFA|""G"" ABde fdec|""A"" dBAF ""D"" D2:|",2025-04-27 04:28:10,chansherly212,,True,2462
208,46634,"Congress, The",reel,4/4,Adorian,"|:""Am""eAAG ABcd|""Am""eaaf ""G""gedg|""Am""eAcA eAcA|""G""BAGA ""Em""Bcdg|
""Am""eAAG ABcd|""Am""eaaf ""G""gedB|""C""cBcd eged|""G""cABG ""Am""A2Bd:|
|:""Am""eaag a2ag|""Am""eaag egdg|""G""egdg egdg|""Em""eaaf ""G""gedg|
""Am""eaag a2ag|""Am""eaag ""G""egdB|""C""cBcd eged|""G""cABG ""Am""A2Bd:|",2023-04-02 17:31:45,Fernando Durbán Galnares,Joe Mills,True,2409
113,40798,Toss The Feathers,reel,4/4,Edorian,"""Em""EBB2 dBB2|""Em""EBBA ""D""FEFA|""Em""BE E2 B3d|""C""egfe ""D""dBAF|
""Em""EBB2 dBB2|""Em""EBBA ""D""FEFA|""Em""BE E2 B3d|""C""egfe ""D""dBBA||
""Em""Beed e2 de|""D""fede ""Bm""fe e2|""Em""febe febe|""D""fede ""Bm""fe e2|
""Em""Beed e2 de|""D""fede fa a2|""G""b3f ""D""a3f|""C""egfe ""Bm""dBAF||",2021-03-14 22:18:23,JACKB,,True,2349
113,46508,Toss The Feathers,reel,4/4,Edorian,"""Em""EB B2 dBBA|EBBA ""Bm""FDFA|""Em""BE E2 B2AB|""Bm""dffe dBAF|
""Em""EB B2 dBBA|EBBA ""Bm""FDFA|""Em""BE E2 B2AB|""Bm""dffe dBAd||
""Em""fedf e2de|fede fe e2|febe febe|fede feed|
""Em""Beef ""A""e2de|""D""fede fa a2|""G""b3f ""D""a3f|""Bm""effe dBAF||",2023-03-22 00:09:31,shanachie,,True,2349
113,21754,Toss The Feathers,reel,4/4,Edorian,"|:""Em""EBB2 dBB2|""Em""EBBA ""D""FDFA|""Em""BE E2 BABd|1 ""C""egfe ""D""dBAF:|2 ""C""egfe ""D""dBAe||
""Em""Beed e2 de|""D""fede ""Bm""fe e2|""Em""febe febe|""D""fede ""Bm""feed|
""Em""Beed e2 de|""D""fede fa a2|""G""b2bf ""D""a2af|""C""egfe ""Bm""dBAF||",2013-06-19 11:59:33,Bryce,,True,2349
113,43560,Toss The Feathers,reel,4/4,Edorian,"|:""Em""EBB2 dBB2|""Em""EBBA ""D""FEFA|""Em""BE E2 B3d|""C""egfe ""D""dBAF|
""Em""EBB2 dBB2|""Em""EBBA ""D""FEFA|""Em""BE E2 B3d|""C""egfe ""D""dBBA||
""Em""Beed e2 de|""D""fede ""Bm""fe e2|""Em""febe febe|""D""fede ""Bm""fe e2|
""Em""Beed e2 de|""D""fede fa a2|""G""b3f ""D""a3f|""C""egfe ""Bm""dBAF:|",2022-04-10 18:24:29,Nicolastille,,True,2349
92,47183,"Irish Washerwoman, The",jig,6/8,Gmajor,"|:""G"" BGG DGG|BGB dcB|""C"" cAA EAA|cAc edc|
""G"" BGG DGG|BGB dcB|""C"" c>Bc ""D"" Adc|""G"" BGG G3:|
|:""G"" BGG DGG|BGB BAG|""D"" AFF DFF|AFA AGF|
""Em"" EGG DGG|""G"" CGG B,GG|""C"" c>Bc ""D"" Adc|""G"" BGG G3:|",2023-05-18 00:16:22,Aaron Bergen,,True,2320
92,56228,"Irish Washerwoman, The",jig,6/8,Dmajor,"|:""D""FDD ADD|FDF AGF|""Em""GEE BEE|GEG ""A""BAG|
""D""FDD ADD|FDF AGF|""Em""GFG ""A""EAG|""D""FDD D3:|
|:""D""dAd dAd|dAd fed|""A""cAc cAc|cAc edc|
""G""Bdd ""D""Add|""G""Gdd ""D""F2F|""Em""GFG ""A""EAG|1 ""D""FDD D2A:|2 ""D""FDD D2E||",2026-01-08 17:03:29,BriarRose,,True,2320
92,21778,"Irish Washerwoman, The",jig,6/8,Gmajor,"dc|:""G""BGG DGG|BGB dcB|""Am""cAA EAA|cAc ""D""edc|
""G""BGG DGG|BGB dcB|""Am""cBc ""D""Adc|1 ""G""BGG Gdc:|2 ""G""BGG Gga||
|:""G""bgg dgg|bgb bag|""D""aff dff|afa agf|
""C""egg ""G""dgg|""C""cgg ""G""B2B|""Am""cBc ""D""Adc|1 ""G""BGG Gga:|2 ""G""BGG G3||",2013-06-23 23:02:33,Bryce,,True,2320
92,32199,"Irish Washerwoman, The",jig,6/8,Gmajor,"dc|:""G""BGG DGG|BGB dcB|""Am""cAA EAA|cAc ""C""edc|
""G""BGG DGG|BGB dcB|""C""cBc ""D""Adc|1 ""G""BGG Gdc:|2 ""G""BGG ""D""Gga||
|:""G""bgg dgg|bgb bag|""D""aff dff|afa agf|
""Am7""egg ""G""dgg|""C""cgg ""G""Bgg|""Am7""cBc ""D""Adc|1 ""G""BGG ""D""Gga:|2 ""G""BGG G3||",2018-04-03 19:23:24,Luba Yairi,,True,2320
69,55373,"Morning Dew, The",reel,4/4,Edorian,"|:""Em""E3 B- BAFD|EBEB ""D""AGFD|""Em""E3 B- BAFA|""G""BcdB ""D""ADFA:|
|:""Em""B2 eB fBeB|B2 eB ""D""AFDF|""Em""B2eB fBeB| ""G""dcdB ""D""ADFA|
""Em""B2 eB fBeB|B2 eB ""D""AFDF| ""Em""B2ef gfge|""G""dcdB ""D""ADFA:|
|:""Em""B2 GB FBEB|B2 dB ""D""ADFA| ""Em""B2 GB FBEB|""G""dcdB ""D""ADFA|
""Em""BAGF EFGA|B2 GB ""D""ADFA|""Em""BAGF EFGA|""G""BcdB ""D""ADFA:|",2025-09-25 17:44:19,Steve Ewing,,True,2289
69,53913,"Morning Dew, The",reel,4/4,Edorian,"|:""Em"" ~E3B BAFD|""Em""EBEB ""D""AGFD|""Em""~E3B BAFA|""D"" BcdB ADFA:|
|:""Em""B2 eB fBeB|""Em""B2 ed ""D""BAFA|1 ""Em""B2 gB fBeB|""D""dcdB ADFA:|2 ""Em"" (3Bcd eg""D"" f3e | ""D""~d3A BAFA||
|:""Em""B2EB GBEB|""Em""B2EB ""D""ADFA|""Em""B2EB GBEB|""D""BcdB ADFA:|",2025-04-24 16:14:15,chansherly212,,True,2289
2,39727,"Bucks Of Oranmore, The",reel,4/4,Dmajor,"|:""D""A2 FA A2dB|A2FA ""G""BEE2|1 ""D""A2 FA A2Bd|""G""egfd ""A""edBd:|2 ""D""DEFG A2AB|""G""defd ""A""edBd||
|:""D""ADDD ADBD|ADFA ""G""BEE2|1 ""D""ADFG A2AB|""G""defd ""A""edBd:|2 ""D""DEFG A2AB|""G""defd ""A""edef||
|:""D""a2fd edef|a2fd ""G""edBd|1 ""D""a2fd e2ef|""G""gefd ""A""edBd:|2 ""D""faaf bfaf|""G""gefd ""A""edBd||
|:""D""f2df ""A""edde|""D""f2df edBd|1 ""D""f2df ""A""edef|""G""gefd ""A""edBd:|2 ""D""faaf bfaf|""G""gefd ""A""edBd||
|:""D""Adfd edfd|Adfd ""G""edBd|1 ""D""Adfd edef|""G""ge fd ""A""edBd:|2 ""D"" faaf bfaf|""G""gefd ""A""edBd||",2020-12-02 12:34:42,Fernando Durbán Galnares,,True,2284
75,26249,Miss McLeod's,reel,4/4,Amajor,"|:""A""A2 a2 fefa|c2 (cB) cdcB|A2 a2 fefa|""E""B2 (BA) BdcB|
""A""A2 a2 fefa|c2 (cB) c2 (ce)|""D""fefg agfe|""E""(f/g/a) (ec) BdcB:|
|:""A""A2 (cA) eAcA|c2 (cB) cdcB|A2 (cA) eAcA|""E""B2 (BA) BdcB|
""A""A2 (cA) eAcA|c2 (cB) c2 (ce)|""D""fefg agfe|""E""(f/g/a) (ec) BdcB:|",2015-04-07 00:39:11,Tate,,True,2243
75,31921,Miss McLeod's,reel,4/4,Gmajor,"|:""G""G2 BG dGBG|B2 BA BcBA|G2 BG dGBG|""D""A2 AG AcBA|
""G""G2 BG dGBG|B2 BA Bc d2|""C""efed Bdef|""D7""gedB AcBA:|
|:""G""G2 gf edeg|B2 BA BcBA|G2 gf edeg|""D""a2 ab agef|
""G""g2 gf edeg|B2BA Bcdf|""C""edcB cdef|""D7""gedB AcBA:|",2018-02-25 15:21:57,Chris J Horgan,,True,2243
75,52911,Miss McLeod's,reel,4/4,Amajor,"|:cB|""A""A2 a2 ""D""fefa|""A""c2 cB ""F#m""c2cB|""A""A2 a2 ""D""fefa|""E""B2 BA ""E7""BdcB|
""A""A2 a2 ""D""fefa|""A""c2 cB ""F#m""c2 e2|""D""f2 fg f2ef|""A""afec ""E7""Bd:|
|:cB|""A""ABcd eAcA|c2 cB ""F#m""c2cB|""A""ABcd eAcA| ""E7""B2 BA BdcB|
""A""ABcd eAcA|c2 cB ""F#m"" c2 e2|""D""f2 fe f2ef|""A""afec ""E7""Bd:|",2025-01-15 21:23:54,Jim Sime,,True,2243
75,55670,Miss McLeod's,reel,4/4,Gmajor,"|:""G""G2 BG dGBG|B2 BA BcBA|G2 BG dGBG|""D""A2 AG AcBA|
""G""G2 BG dGBG|B2 BA ~B3 d|""C""efed Bdef|""D7""g/f/e dB AcBA:|
|:""G""G2 gf edeg|B2 BA BcBA|G2 gf edeg|""D""a2 ab agef|
""G""g2 gf efge|B2 BA ~B3 d|""C""efed Bdef|""D7""g/f/e dB AcBA:|",2025-10-31 02:45:38,Nadeau,,True,2243
75,46369,Miss McLeod's,reel,4/4,Gmajor,"|:""G""G2 BG AGBG|B2 BA BcBA|G2 BG AGBG|""D""A2 AG AcBA|
""G""G2 BG AGBG|B2 BA B2 d2|""C""e2 ef edef|""D7""gfed BcBA:|
|:""G""G2 gf edeg|B2 BA BcBA|G2 gf edeg|""D""a2 ag aeef|
""G""g2 gf edeg|BcBA B2 d2|""C""edef edef|""D7""gfed BcBA:|",2023-03-06 21:55:52,Katherine Duff,,True,2243
118,55404,"Wise Maid, The",reel,4/4,Dmajor,"DE|:""D""F2FG FEDE|FAAB AFED|d2eg fdec|""G""dBAF ""A""BE~E2|
""D""F2FG FEDE|FAAB AFED|d2eg ""G""fdec|""A""dBAG ""D""FD D2:|
|:""D""d2AG FDFA|dfaf ""A""gfeg|""D""fAdf ""A""eAce|""G""dfed ""A""cA ~A2|
""G""BDGB ""D""ADFA|dfaf gfed|""G""Bdce dBAG|""A""FGEF ""D""D4:|",2025-09-27 17:08:30,Steve Ewing,,True,2219
76,48422,My Darling Asleep,jig,6/8,Dmajor,"|:e|""D""fdd ""A""cAA|""G""BAG ""D""A2G|""D""FAA def|""G""gfg ""A""eag|
""D""fdd ""A""cAA|""G""BAG ""D""A2G|""D""FAA ""G""def|""A""gec ""D""d2:|
|:A|""D""FAA ""G""BAG|""D""FAA ""G""BAG|""D""FAA def|""G""gfg ""A""eag|
""D""fdd ""A""cAA|""G""BAG ""D""A2G|""D""FAA ""G""def|""A""gec ""D""d2:|",2023-10-14 20:07:29,Fernando Durbán Galnares,,True,2119
76,48883,My Darling Asleep,jig,6/8,Dmajor,"|:""D""fdd cAA|BGG A2G|""A""FAA def|""G""gfg eag|
""D""fdd cAA|BGG A2G|""A""FAA def|""G""gec ""D""d3:|
|:""D""FAA Add|FAA BGG|""A""FAA def|""G""gfg eag|
""D""fdd cAA|BGG A2G|""A""FAA def|""G""gec ""D""d3:|",2023-12-03 19:32:20,Aaron Bergen,,True,2119
76,34856,My Darling Asleep,jig,6/8,Dmajor,"ag|:""D""fed ""A""cAA|""G""BGB ""D""A2G|FAA def|""G""gfg ""A""eag|
""D""f2d ""A""cAA|""G""BGG ""D""A2G|FAA def|1 ""A""gec ""D""d2e:|2 ""A""gec ""D""d2G||
|:""D""FAA dAG|FAA BAG|F2A def|""G""gfg ""A""eag|
""D""f2d ""A""cAc|""G""BGB ""D""A2G|FAA def|1 ""A""gec ""D""d2G:|2 ""A""gec ""D""d2e||",2019-05-11 18:54:53,Artem Baguinski,,True,2119
702,49597,"Blackthorn Stick, The",jig,6/8,Gmajor,"|:d|""G"" gfg ""C"" ege|""G"" dBG ""D"" AGE|""G"" DGG ""D"" FGA|""G"" BGB ""D""A2 d|
""G"" gfg ""C"" age|""G"" dBG ""D"" AGE|""G"" DGG ""D"" FGA|""G"" BGG G2:|
|:d|""C"" edd ""G"" gdd|""C"" edd ""G"" gdd|""C"" edd ""G"" gfe|dcB ""D"" A2 d|
""G"" gfg ""C"" age|""G"" dBG ""D"" AGE|""G"" DGG ""D"" FGA|""G"" BGG G2:|",2024-02-10 08:53:25,Edgar Bolton,,True,2051
702,43114,"Blackthorn Stick, The",jig,6/8,Amajor,"e|:""A"" aga ""D"" faf|""A"" ecA ""E"" BAF|""A"" EAA ""E"" FBB|""A"" cAc A2 e|
""A"" aga ""D"" baf|""A"" ecA ""E"" BAF|""A"" EAA ""E"" =GBB|""A"" cAA A2 e:|
|:""D"" fee ""A"" aee|""D"" fee ""A"" aee|""D"" fec ""A"" agf|edc ""E"" B2 e|
""A"" aga ""D"" baf|""A"" ecA ""E"" BAF|""A"" EAA ""E"" =GBB|""A"" cAA A2 e:|",2022-02-13 13:51:36,Jeff Kanel,,True,2051
702,49484,"Blackthorn Stick, The",jig,6/8,Gmajor,"|:d|""G""gfg ""C""ege|""G""dBG ""C""AGE|""G""DGG ""D7""FGA|""G""BGB""D7"" A2 d|
""G""gfg ""C""age|""G""dBG ""C""AGE|""G""DGG ""D7""FGA|""G""BGG G2:|
|:d|""G""edd gdd|edd gdd|e2 e ""C""gfg|""G""edB ""D7""A2 d|
""G""gfg ""C""age|""G""dBG ""C""AGE|""G""DGG ""D7""FGA|""G""BGG G2:|",2024-01-30 02:41:19,Nadeau,,True,2051
702,49783,"Blackthorn Stick, The",jig,6/8,Gmajor,"|: d | ""G"" gfg ege| dBG AGE | DGG FGA | (3BAG B ""D"" AB d |
""G"" gfg age | dBG AGE | ""D"" DGG FGA | ""G"" (3BAG F G2:|
|: d | ""Em"" edd gdd | ""G"" edd gdd | ~e2 e gfg |""D"" edB A2 d |
""G"" gfg age |""C"" dBG AGE |""D"" DGG FGA |""G"" (3BAG F G2 :|",2024-03-01 18:28:08,Gabby McKinley,,True,2051
702,55316,"Blackthorn Stick, The",jig,6/8,Gmajor,"|:d|""G""gfg ""C""ege|""G""dBG ""C""AGE|""G""DGG ""D7""FGA|""G""BGB""D7"" A2 d|
""G""gfg ""C""age|""G""dBG ""C""AGE|""G""DGG ""D7""FGA| ""G""BGG G2 :|
|:d|""G""edd gdd|edd gdd|e2 e ""C""gfg|""G""edB ""D7""A2 d|
""G""gfg ""C""age|""G""dBG ""C""AGE|""G""DGG ""D7""FGA|""G""BGG G2 :|",2025-09-22 01:57:31,Steve Ewing,,True,2051
221,45828,"Earl's Chair, The",reel,4/4,Dmajor,"A|:""Bm""B2 dB BAFA|""Bm""B2 dB BAFB|""D""A~F3D~F3|""D""AFdB ADFA|
""Bm""~B3d BAFA|""Bm""B2 dB BAFB|""D""AFAB dcdf|1 ""D""edef d2FA:|2 ""D""edef d3f||
|:""A""~e3 f ""D""d2 (3Bcd|""A""edef ""D""dBAB|""A""~e3f ""D""~d3e|""G""fedB ADFA|
""A""~e3 f ""D""d~B3|""G""g~B3 defg|""G""afbf afeg|1 ""A""fedB AFdf:|2 ""A""fedB ADFA||",2023-01-08 19:01:21,lusoceltibero,,True,2034
221,45949,"Earl's Chair, The",reel,4/4,Dmajor,"|:""Bm"" B2 dB BAFA|""Bm"" B2dB BAFB|""D"" AFF2 DFF2|""D"" AFdB ADFA|
""G"" B2dB BAFA|""G"" B2dB BAFB|""D"" AFAB defd|1 ""A"" edef ""D"" d3A:|2 ""A"" edef ""D"" d3f||
|:""A"" e3f ""D"" d3f|""A"" edef ""D"" dBAf|""A"" e3f ""D"" d3e|""D"" fedB ABdf|
""A"" edef eBB2|""Bm"" gBB2 defg|""D"" afbf afeg|1 ""D"" fedB ABdf:|2 ""D"" fedB ADFA||",2023-01-18 01:35:15,shanachie,,True,2034
221,39675,"Earl's Chair, The",reel,4/4,Dmajor,"|:A|""Bm""B2 dB BAFA|B2 dB BAFB|""D""A F (3FGF D F (3FGF|AFdB ADFA|
""Bm""B2 dB BAFA|B2 dB BAFB|""D""AFAB dcdf|""A""edef ""D""d3:|
f|""A"" edef ""D""d2 Bd|""A""edef ""D""dBAB|""A"" edef ""D"" d2de|""Bm""fedB ""D""ADFA|
""A"" e2ef ""Bm""d B (3BcB|""G""g B (3BcB defg|""D""afbf afeg|""A""fedB ""D""A3:|",2020-11-27 10:58:08,Fernando Durbán Galnares,,True,2034
221,53936,"Earl's Chair, The",reel,4/4,Dmajor,"A|:""Bm""B2 dB BAFA|""Bm""B2 dB BAFB|""D""AFFF DFFF|""D""AFdB ADFA|
""Bm""B2dB BAFA|""Bm""B2 dB BAFB|""D""AFAB d3f|1 ""D""edef d3c:|2 ""D""edef d2(3Bcd||
|:""A""~e3 f ""D""d3f|""A""e3f ""D""dBAB|""A""edef ""D""dcde|""G""fedB ADFA|
""A""~e3 f ""D""eBBB|""G""gBBB defg|""G""afbf afeg|""A""fedB ADFA:|",2025-04-27 04:15:24,chansherly212,,True,2034
517,55391,"Pigeon On The Gate, The",reel,4/4,Edorian,"|:dc| ""Em""BE ~E2 BEdE| BE ~E2 dBAF| ""D""D2 (3FED ADFE| DEFA BAFA|
""Em""BE ~E2 BEdE| BE ~E2 B2 AF| ""D""D2 FA dfec| dBAF E2 :|
|:FA | ""Em""Beed efed| (3Bcd ef gedB| ""D""Addc d3 B| A2 FE DEFA| 
""Em""Beed efed| (3Bcd ef g2 fg| ""D""af (3gfe fd ec| dBAF E2 :|",2025-09-27 11:48:09,Steve Ewing,,True,2003
256,55366,"Mist Covered Mountain, The",jig,6/8,Adorian,"|:G | ""Am""EAA ABd| e2 A AGE| ""G""~G3 GAB| ""Em""dBA GED| 
""Am""EAA ABd| e2A AGE| ""G""efg dBG| ""Em""BAG ""Am""A2 :|
a |""Am""age a2b| age edB| ""G""AGE G2A| ""Em""BAB GED| 
""Am""age a2b| age edB| ""G""AGE G2A| ""Em""BAG A3| 
""Am""age a2b| age edB| ""G""AGE G2A| ""Em""BAB GED| 
""Am""EDE G2A| ""Em""BAG ABd| ""G""efg dBG| BAG ""Am""A2||",2025-09-25 12:25:49,Steve Ewing,Junior Crehan,True,1996
67,29029,"Monaghan, The",jig,6/8,Edorian,"|:""Em""BGE FGE|BGE ""D""FGA|""Em""BGE FGE|""D""AFD FGA|
""Em""BGE FGE|BGE ""D""FGA|""G""d2B ABG|""D""FDF AFD:|
""Em""EGB e2g|""Bm""fed ""Em""edB|EGB eBG|""D""FDF AFD|
""Em""EGB e2g|""Bm""fed ""Em""edc|""G""~d3 cAG|""D""FDF AFD:|
""Em""g2e efe|g2a bge|~g3 ""A7""~e3|""D""~f3 afd|
""Em""gbg e2f|geg bge|""G""dcd ABG|""D""FDF AFD:|
""Em""EGB eBG|BGE ""D""FAF|""Em""EGB eBG|""D""~F3 AGF|
""Em""EGB GBd|Beg efg|""A7""~d3 A2G|""D""FDF AGF:|",2016-08-06 08:46:58,Beleragor,,True,1977
67,55367,"Monaghan, The",jig,6/8,Eminor,"|:""Em""BGE ""D""F2E|""Em""BGE ""D""FGA|""Em""BGE ""D""F2E|AFD FGA|
""Em""BGE ""D""F2E|""Em""BGE ""D""FGA|dcB ABG|FDF AGF:|
|:""Em""EGB efg|""D""fed ""Em""edB|EGB dBG|""D""FDF AGF|
""Em""EGB efg|""D""fed ""Em""edB|""D""dcB ABG|FDF AGF:|
|:""Em""g2e efe|geg bge|g2e eBe|""D""fdf afd|
""Em""g2e efe|geg bge|""D""d2B ABG|FDF AGF:|
|:""Em""EGB edB|""G""dBG ""D""AFD|""Em""EGB ""G""dBG|""D""FDF AGF|
""Em""EGB GBd|Beg egb|""D""dcB ABG|FDF AGF:|",2025-09-25 13:06:53,Steve Ewing,,True,1977
